"Aspergillus_flavus","Fungi,Ascomycota,Saccharomycetes,Saccharomycetales,Phaffomycetaceae,Phaffomyces,[Candida]_orba",99
"Aspergillus_flavus","Fungi,Ascomycota,Eurotiomycetes,Eurotiales,Aspergillaceae,Aspergillus,Aspergillus_austwickii",18
"Aspergillus_flavus","Fungi,Ascomycota,Eurotiomycetes,Eurotiales,Aspergillaceae,Aspergillus,Aspergillus_aflatoxiformans",17
"Aspergillus_flavus","Fungi,Ascomycota,Eurotiomycetes,Eurotiales,Aspergillaceae,Aspergillus,Aspergillus_salinarum",1
"Aspergillus_flavus","Fungi,Ascomycota,Saccharomycetes,Saccharomycetales,Dipodascaceae,Yarrowia,Yarrowia_lipolytica",5
"Aspergillus_flavus","Fungi,Basidiomycota,Tremellomycetes,Trichosporonales,Trichosporonaceae,Trichosporon,Trichosporon_asahii",1
"Aspergillus_flavus","Fungi,Ascomycota,Eurotiomycetes,Eurotiales,Aspergillaceae,Aspergillus,Aspergillus_insolitus",1
"Aspergillus_flavus","Fungi,Ascomycota,Eurotiomycetes,Eurotiales,Aspergillaceae,Aspergillus,Aspergillus_chlamydosporus",1
"Aspergillus_fumigatus","Fungi,Ascomycota,Leotiomycetes,Thelebolales,Thelebolaceae,Inopinatum,Inopinatum_lactosum",20
"Aspergillus_fumigatus","Fungi,Ascomycota,Dothideomycetes,Pleosporales,Pleosporaceae,Bipolaris,Bipolaris_simmondsii",35
"Aspergillus_fumigatus","Fungi,Ascomycota,Dothideomycetes,Mycosphaerellales,Teratosphaeriaceae,Penidiella,Penidiella_aggregata",43
"Aspergillus_fumigatus","Fungi,Ascomycota,Dothideomycetes,Pleosporales,Pleosporaceae,Curvularia,Curvularia_beasleyi",44
"Aspergillus_fumigatus","Fungi,Ascomycota,Saccharomycetes,Saccharomycetales,Metschnikowiaceae,NA,[Candida]_pseudointermedia",1
"Aspergillus_fumigatus","Fungi,Ascomycota,Dothideomycetes,Venturiales,Sympoventuriaceae,Verruconis,Verruconis_thailandica",46
"Aspergillus_fumigatus","Fungi,Ascomycota,Dothideomycetes,Mycosphaerellales,Mycosphaerellaceae,Pseudocercospora,Pseudocercospora_sennae-multijugae",39
"Aspergillus_fumigatus","Fungi,Ascomycota,Saccharomycetes,Saccharomycetales,Phaffomycetaceae,Phaffomyces,[Candida]_orba",5
"Aspergillus_fumigatus","Fungi,Ascomycota,Eurotiomycetes,Eurotiales,Trichocomaceae,Talaromyces,Talaromyces_coalescens",3
"Aspergillus_fumigatus","Fungi,Ascomycota,Eurotiomycetes,Eurotiales,Aspergillaceae,Aspergillus,Aspergillus_felis",5
"Aspergillus_fumigatus","Fungi,Ascomycota,Leotiomycetes,Thelebolales,Thelebolaceae,Antarctomyces,Antarctomyces_psychrotrophicus",2
"Aspergillus_fumigatus","Fungi,Ascomycota,Dothideomycetes,Capnodiales,Paradevriesiaceae,Paradevriesia,Paradevriesia_pseudoamericana",1
"Aspergillus_fumigatus","Fungi,Ascomycota,Saccharomycetes,Saccharomycetales,Dipodascaceae,Dipodascus,Dipodascus_fermentans",12
"Aspergillus_fumigatus","Fungi,Ascomycota,Eurotiomycetes,Eurotiales,Aspergillaceae,Aspergillus,Aspergillus_insolitus",11
"Aspergillus_fumigatus","Fungi,Ascomycota,Saccharomycetes,Saccharomycetales,Metschnikowiaceae,NA,[Candida]_pseudoflosculorum",1
"Aspergillus_fumigatus","Fungi,Ascomycota,Eurotiomycetes,Eurotiales,Aspergillaceae,Aspergillus,Aspergillus_fumigatus",4
"Aspergillus_fumigatus","Fungi,Ascomycota,Sordariomycetes,Hypocreales,Ophiocordycipitaceae,Hyaloseta,Hyaloseta_nolinae",3
"Aspergillus_fumigatus","Fungi,Ascomycota,Sordariomycetes,Sordariales,Chaetomiaceae,Dichotomopilus,Dichotomopilus_subfunicola",12
"Aspergillus_fumigatus","Fungi,Ascomycota,Dothideomycetes,Myriangiales,Elsinoaceae,Elsinoe,Elsinoe_eucalypticola",1
"Aspergillus_fumigatus","Fungi,Ascomycota,Lecanoromycetes,Pertusariales,Megasporaceae,Lobothallia,Lobothallia_brachyloba",1
"Aspergillus_fumigatus","Fungi,Basidiomycota,Microbotryomycetes,Sporidiobolales,Sporidiobolaceae,Rhodotorula,Rhodotorula_mucilaginosa",1
"Aspergillus_fumigatus","Fungi,Ascomycota,Pezizomycetes,Pezizales,Morchellaceae,Morchella,Morchella_australiana",1
"Aspergillus_fumigatus","Fungi,Ascomycota,Saccharomycetes,Saccharomycetales,Debaryomycetaceae,Candida,Candida_orthopsilosis",1
"Aspergillus_fumigatus","Fungi,Basidiomycota,Tremellomycetes,Tremellales,Bulleribasidiaceae,Vishniacozyma,Vishniacozyma_melezitolytica",1
"Aspergillus_fumigatus","Fungi,Ascomycota,Saccharomycetes,Saccharomycetales,Debaryomycetaceae,Yamadazyma,Yamadazyma_mexicana",1
"Aspergillus_fumigatus","Fungi,Ascomycota,Dothideomycetes,Pleosporales,Pleosporaceae,Bipolaris,Bipolaris_woodii",1
"Aspergillus_fumigatus","Fungi,Ascomycota,Saccharomycetes,Saccharomycetales,Dipodascaceae,Magnusiomyces,Magnusiomyces_capitatus",1
"Aspergillus_fumigatus","Fungi,Ascomycota,Eurotiomycetes,Eurotiales,Aspergillaceae,Aspergillus,Aspergillus_salinarum",1
"Aspergillus_fumigatus","Fungi,Ascomycota,Eurotiomycetes,Eurotiales,Aspergillaceae,Penicillium,Penicillium_fortuitum",1
"Aspergillus_fumigatus","Fungi,Ascomycota,Saccharomycetes,Saccharomycetales,Trichomonascaceae,Sugiyamaella,Sugiyamaella_ayubii",1
"Aspergillus_fumigatus","Fungi,Ascomycota,Saccharomycetes,Saccharomycetales,Debaryomycetaceae,Candida,Candida_parapsilosis",2
"Aspergillus_fumigatus","Fungi,Ascomycota,Eurotiomycetes,Eurotiales,Trichocomaceae,Talaromyces,Talaromyces_thailandensis",1
"Asteroma_sp_CCL060","Fungi,Ascomycota,Sordariomycetes,Diaporthales,Diaporthaceae,Diaporthe,Diaporthe_foeniculina",370
"Asteroma_sp_CCL060","Fungi,Ascomycota,Sordariomycetes,Diaporthales,Diaporthaceae,Diaporthe,Diaporthe_eucalyptorum",3
"Asteroma_sp_CCL060","Fungi,Ascomycota,Sordariomycetes,Diaporthales,Erythrogloeaceae,Disculoides,Disculoides_eucalypti",1
"Asteroma_sp_CCL060","Fungi,Ascomycota,Sordariomycetes,Xylariales,Sporocadaceae,Seiridium,Seiridium_podocarpi",2
"Asteroma_sp_CCL060","Fungi,Ascomycota,Dothideomycetes,Pleosporales,Pleosporaceae,Bipolaris,Bipolaris_simmondsii",1
"Asteroma_sp_CCL060","Fungi,Ascomycota,Saccharomycetes,Saccharomycetales,Debaryomycetaceae,Candida,Candida_africana",1
"Austropuccinia_psidii","Fungi,Basidiomycota,Agaricomycetes,Gomphales,Gomphaceae,Lentaria,Lentaria_variabilis",273
"Austropuccinia_psidii","Fungi,Basidiomycota,Pucciniomycetes,Pucciniales,Pucciniaceae,Puccinia,Puccinia_xinyuanensis",7
"Austropuccinia_psidii","Fungi,Basidiomycota,Pucciniomycetes,Pucciniales,Pucciniaceae,Puccinia,Puccinia_setariae",54
"Austropuccinia_psidii","Fungi,Basidiomycota,Agaricomycetes,Geastrales,Geastraceae,Geastrum,Geastrum_lanuginosum",24
"Austropuccinia_psidii","Fungi,Basidiomycota,Cystobasidiomycetes,Erythrobasidiales,Erythrobasidiaceae,Erythrobasidium,Erythrobasidium_primogenitum",1
"Austropuccinia_psidii","Fungi,Basidiomycota,Tremellomycetes,Tremellales,Cryptococcaceae,Cryptococcus,Cryptococcus_bacillisporus",1
"Austropuccinia_psidii","Fungi,Basidiomycota,Tremellomycetes,Tremellales,Bulleribasidiaceae,Vishniacozyma,Vishniacozyma_melezitolytica",1
"Austropuccinia_psidii","Fungi,Ascomycota,Dothideomycetes,Pleosporales,Pleosporaceae,Curvularia,Curvularia_beasleyi",1
"Austropuccinia_psidii","Fungi,Basidiomycota,Pucciniomycetes,Pucciniales,Pucciniaceae,Puccinia,Puccinia_wiehei",1
"Austropuccinia_psidii","Fungi,Basidiomycota,Agaricomycetes,Gomphales,Gomphaceae,Lentaria,Lentaria_gossypina",1
"Blastobotrys_adeninivorans","Fungi,Ascomycota,Saccharomycetes,Saccharomycetales,Trichomonascaceae,Blastobotrys,Blastobotrys_adeninivorans",253
"Blastobotrys_adeninivorans","Fungi,Ascomycota,Dothideomycetes,Pleosporales,Pleosporaceae,Curvularia,Curvularia_beasleyi",1
"Blastobotrys_adeninivorans","Fungi,Ascomycota,Saccharomycetes,Saccharomycetales,Dipodascaceae,Yarrowia,Yarrowia_lipolytica",1
"Blastobotrys_adeninivorans","Fungi,Ascomycota,Dothideomycetes,Asterinales,Asterinaceae,Thyrinula,Thyrinula_parasitica",1
"Blastobotrys_adeninivorans","Fungi,Mucoromycota,Glomeromycetes,Glomerales,Glomeraceae,Glomus,Glomus_macrocarpum",1
"Blastobotrys_proliferans","Fungi,Ascomycota,Saccharomycetes,Saccharomycetales,Trichomonascaceae,Blastobotrys,Blastobotrys_proliferans",164
"Blastobotrys_proliferans","Fungi,Ascomycota,Eurotiomycetes,Eurotiales,Trichocomaceae,Talaromyces,Talaromyces_coalescens",7
"Blastobotrys_proliferans","Fungi,Ascomycota,Saccharomycetes,Saccharomycetales,Metschnikowiaceae,NA,[Candida]_pseudointermedia",9
"Blastobotrys_proliferans","Fungi,Ascomycota,Pezizomycetes,Pezizales,Morchellaceae,Morchella,Morchella_australiana",8
"Blastobotrys_proliferans","Fungi,Ascomycota,Saccharomycetes,Saccharomycetales,Metschnikowiaceae,NA,[Candida]_pseudoflosculorum",12
"Blastobotrys_proliferans","Fungi,Ascomycota,Eurotiomycetes,Eurotiales,Aspergillaceae,Aspergillus,Aspergillus_insolitus",12
"Blastobotrys_proliferans","Fungi,Ascomycota,Saccharomycetes,Saccharomycetales,Debaryomycetaceae,Millerozyma,Millerozyma_farinosa",1
"Blastobotrys_proliferans","Fungi,Basidiomycota,Tremellomycetes,Tremellales,Cryptococcaceae,Cryptococcus,Cryptococcus_bacillisporus",1
"Botrytis_cinerea","Fungi,Ascomycota,Leotiomycetes,Helotiales,Sclerotiniaceae,Botryotinia,Botryotinia_ranunculi",122
"Botrytis_cinerea","Fungi,Ascomycota,Dothideomycetes,Pleosporales,Pleosporaceae,Curvularia,Curvularia_beasleyi",328
"Botrytis_cinerea","Fungi,Ascomycota,Saccharomycetes,Saccharomycetales,Metschnikowiaceae,NA,[Candida]_pseudoflosculorum",1
"Botrytis_cinerea","Fungi,Ascomycota,Saccharomycetes,Saccharomycetales,Debaryomycetaceae,Candida,Candida_dubliniensis",1
"Botrytis_cinerea","Fungi,Ascomycota,Eurotiomycetes,Eurotiales,Aspergillaceae,Aspergillus,Aspergillus_insolitus",1
"Botrytis_cinerea","Fungi,Ascomycota,Saccharomycetes,Saccharomycetales,Debaryomycetaceae,Candida,Candida_orthopsilosis",1
"Botrytis_fabae","Fungi,Ascomycota,Dothideomycetes,Pleosporales,Pleosporaceae,Curvularia,Curvularia_beasleyi",146
"Botrytis_fabae","Fungi,Ascomycota,Leotiomycetes,Helotiales,Sclerotiniaceae,Botryotinia,Botryotinia_ranunculi",48
"Candida_boleticola","Fungi,Ascomycota,Saccharomycetes,Saccharomycetales,Debaryomycetaceae,Kurtzmaniella,[Candida]_boleticola",170
"Candida_boleticola","Fungi,Ascomycota,Saccharomycetes,Saccharomycetales,Metschnikowiaceae,NA,[Candida]_pseudoflosculorum",13
"Candida_boleticola","Fungi,Ascomycota,Saccharomycetes,Saccharomycetales,Metschnikowiaceae,NA,[Candida]_pseudointermedia",15
"Candida_boleticola","Fungi,Ascomycota,Saccharomycetes,Saccharomycetales,Debaryomycetaceae,Kodamaea,Kodamaea_kakaduensis",3
"Candida_boleticola","Fungi,Ascomycota,Sordariomycetes,Xylariales,Sporocadaceae,Bartalinia,Bartalinia_robillardoides",5
"Candida_boleticola","Fungi,Ascomycota,Saccharomycetes,Saccharomycetales,Trichomonascaceae,Sugiyamaella,Sugiyamaella_ayubii",4
"Candida_boleticola","Fungi,Ascomycota,Dothideomycetes,Mycosphaerellales,Dissoconiaceae,Dissoconium,Dissoconium_proteae",4
"Candida_boleticola","Fungi,Ascomycota,Saccharomycetes,Saccharomycetales,Debaryomycetaceae,Kurtzmaniella,[Candida]_anglica",1
"Candida_caryicola","Fungi,Ascomycota,Eurotiomycetes,Eurotiales,Trichocomaceae,Talaromyces,Talaromyces_coalescens",127
"Candida_caryicola","Fungi,Ascomycota,Saccharomycetes,Saccharomycetales,Debaryomycetaceae,Suhomyces,[Candida]_caryicola",51
"Candida_caryicola","Fungi,Ascomycota,Eurotiomycetes,Eurotiales,Aspergillaceae,Aspergillus,Aspergillus_insolitus",23
"Candida_caryicola","Fungi,Ascomycota,Dothideomycetes,Pleosporales,Pleosporaceae,Bipolaris,Bipolaris_simmondsii",1
"Candida_caryicola","Fungi,Ascomycota,Saccharomycetes,Saccharomycetales,Metschnikowiaceae,NA,[Candida]_pseudoflosculorum",2
"Candida_caryicola","Fungi,Ascomycota,Dothideomycetes,Mycosphaerellales,Mycosphaerellaceae,Pseudocercospora,Pseudocercospora_sennae-multijugae",1
"Candida_caryicola","Fungi,Ascomycota,Dothideomycetes,Venturiales,Sympoventuriaceae,Verruconis,Verruconis_thailandica",1
"Candida_caryicola","Fungi,Ascomycota,Saccharomycetes,Saccharomycetales,Metschnikowiaceae,NA,[Candida]_pseudointermedia",1
"Candida_catenulata","Fungi,Ascomycota,Eurotiomycetes,Eurotiales,Aspergillaceae,Aspergillus,Aspergillus_insolitus",167
"Candida_catenulata","Fungi,Ascomycota,Saccharomycetes,Saccharomycetales,Metschnikowiaceae,NA,[Candida]_pseudointermedia",12
"Candida_catenulata","Fungi,Ascomycota,Eurotiomycetes,Eurotiales,Aspergillaceae,Aspergillus,Aspergillus_chlamydosporus",1
"Candida_catenulata","Fungi,Ascomycota,Saccharomycetes,Saccharomycetales,Debaryomycetaceae,Diutina,Diutina_catenulata",37
"Candida_catenulata","Fungi,Ascomycota,Dothideomycetes,Venturiales,Sympoventuriaceae,Verruconis,Verruconis_thailandica",1
"Candida_dubliniensis","Fungi,Ascomycota,Saccharomycetes,Saccharomycetales,Debaryomycetaceae,Candida,Candida_dubliniensis",186
"Candida_dubliniensis","Fungi,Ascomycota,Saccharomycetes,Saccharomycetales,Pichiaceae,Saturnispora,Saturnispora_serradocipensis",1
"Candida_dubliniensis","Fungi,Ascomycota,Saccharomycetes,Saccharomycetales,Pichiaceae,Martiniozyma,Martiniozyma_abietophila",14
"Candida_dubliniensis","Fungi,Ascomycota,Saccharomycetes,Saccharomycetales,Pichiaceae,Pichia,Pichia_barkeri",3
"Candida_dubliniensis","Fungi,Ascomycota,Saccharomycetes,Saccharomycetales,Saccharomycetaceae,Nakaseomyces,Nakaseomyces_glabratus",1
"Candida_dubliniensis","Fungi,Ascomycota,Saccharomycetes,Saccharomycetales,Debaryomycetaceae,Candida,Candida_maltosa",1
"Candida_dubliniensis","Fungi,Basidiomycota,Agaricomycetes,Geastrales,Geastraceae,Geastrum,Geastrum_caatingense",1
"Candida_dubliniensis","Fungi,Ascomycota,Saccharomycetes,Saccharomycetales,Pichiaceae,Saturnispora,Saturnispora_sanitii",1
"Candida_dubliniensis","Fungi,Ascomycota,Sordariomycetes,NA,NA,Triadelphia,Triadelphia_pulvinata",1
"Candida_dubliniensis","Fungi,Ascomycota,Saccharomycetes,Saccharomycetales,Pichiaceae,Pichia,[Candida]_californica",1
"Candida_dubliniensis","Fungi,Ascomycota,Saccharomycetes,Saccharomycetales,Dipodascaceae,Yarrowia,Yarrowia_lipolytica",1
"Candida_glabrata","Fungi,Ascomycota,Eurotiomycetes,Eurotiales,Aspergillaceae,Aspergillus,Aspergillus_insolitus",252
"Candida_glabrata","Fungi,Ascomycota,Saccharomycetes,Saccharomycetales,Saccharomycetaceae,Nakaseomyces,Nakaseomyces_glabratus",133
"Candida_glabrata","Fungi,Ascomycota,Saccharomycetes,Saccharomycetales,Dipodascaceae,Yarrowia,Yarrowia_lipolytica",34
"Candida_glabrata","Fungi,Ascomycota,Saccharomycetes,Saccharomycetales,Debaryomycetaceae,Scheffersomyces,Scheffersomyces_ergatensis",9
"Candida_glabrata","Fungi,Ascomycota,Saccharomycetes,Saccharomycetales,Debaryomycetaceae,Spathaspora,Spathaspora_boniae",2
"Candida_glabrata","Fungi,Ascomycota,Pezizomycetes,Pezizales,Morchellaceae,Morchella,Morchella_australiana",30
"Candida_glabrata","Fungi,Ascomycota,Saccharomycetes,Saccharomycetales,Metschnikowiaceae,Clavispora,Clavispora_fructus",11
"Candida_glabrata","Fungi,Basidiomycota,Agaricomycetes,Agaricales,Psathyrellaceae,Tulosesus,Tulosesus_sclerocystidiosus",2
"Candida_glabrata","Fungi,Basidiomycota,Agaricomycetes,Geastrales,Geastraceae,Geastrum,Geastrum_caatingense",10
"Candida_glabrata","Fungi,Ascomycota,Saccharomycetes,Saccharomycetales,Pichiaceae,Martiniozyma,Martiniozyma_abietophila",1
"Candida_glabrata","Fungi,Ascomycota,Saccharomycetes,Saccharomycetales,Debaryomycetaceae,Yamadazyma,[Candida]_aaseri",1
"Candida_glabrata","Fungi,Ascomycota,Saccharomycetes,Saccharomycetales,Debaryomycetaceae,Millerozyma,Millerozyma_farinosa",2
"Candida_glabrata","Fungi,Ascomycota,Saccharomycetes,Saccharomycetales,Trichomonascaceae,Blastobotrys,Blastobotrys_bombycis",1
"Candida_glabrata","Fungi,Ascomycota,Saccharomycetes,Saccharomycetales,Metschnikowiaceae,NA,[Candida]_pseudointermedia",2
"Candida_glabrata","Fungi,Ascomycota,Saccharomycetes,Saccharomycetales,Debaryomycetaceae,Candida,Candida_africana",5
"Candida_glabrata","Fungi,Basidiomycota,Tremellomycetes,Tremellales,Cryptococcaceae,Cryptococcus,Cryptococcus_bacillisporus",1
"Candida_glabrata","Fungi,Basidiomycota,Agaricomycetes,Russulales,Lachnocladiaceae,Vararia,Vararia_breviphysa",1
"Candida_glabrata","Fungi,Ascomycota,Saccharomycetes,Saccharomycetales,Debaryomycetaceae,Suhomyces,Suhomyces_vadensis",1
"Candida_glabrata","Fungi,Ascomycota,Sordariomycetes,Xylariales,Sporocadaceae,Bartalinia,Bartalinia_robillardoides",2
"Candida_glabrata","Fungi,Ascomycota,Saccharomycetes,Saccharomycetales,Debaryomycetaceae,Diutina,Diutina_catenulata",1
"Candida_glabrata","Fungi,Ascomycota,Saccharomycetes,Saccharomycetales,Trichomonascaceae,Blastobotrys,Blastobotrys_adeninivorans",1
"Candida_glabrata","Fungi,Ascomycota,Leotiomycetes,NA,Pseudeurotiaceae,Pseudogymnoascus,Pseudogymnoascus_hyalinus",1
"Candida_glabrata","Fungi,Ascomycota,Saccharomycetes,Saccharomycetales,Dipodascaceae,Yarrowia,Yarrowia_yakushimensis",2
"Candida_glabrata","Fungi,Ascomycota,Saccharomycetes,Saccharomycetales,Pichiaceae,Pichia,Pichia_kudriavzevii",3
"Candida_glabrata","Fungi,Ascomycota,Saccharomycetes,Saccharomycetales,Metschnikowiaceae,NA,[Candida]_asparagi",1
"Candida_glabrata","Fungi,Ascomycota,Saccharomycetes,Saccharomycetales,Debaryomycetaceae,Scheffersomyces,Scheffersomyces_paraergatensis",1
"Candida_glabrata","Fungi,Ascomycota,Sordariomycetes,Hypocreales,Ophiocordycipitaceae,Hyaloseta,Hyaloseta_nolinae",1
"Candida_glabrata","Fungi,Ascomycota,Saccharomycetes,Saccharomycetales,Saccharomycopsidaceae,Saccharomycopsis,Saccharomycopsis_amapae",2
"Candida_glabrata","Fungi,Basidiomycota,Tremellomycetes,Filobasidiales,Filobasidiaceae,Naganishia,Naganishia_albida",1
"Candida_glabrata","Fungi,Ascomycota,Saccharomycetes,Saccharomycetales,Saccharomycetaceae,Lachancea,Lachancea_nothofagi",2
"Candida_glabrata","Fungi,Ascomycota,Saccharomycetes,Saccharomycetales,Debaryomycetaceae,Candida,Candida_tropicalis",1
"Candida_glabrata","Fungi,Ascomycota,Saccharomycetes,Saccharomycetales,Metschnikowiaceae,NA,[Candida]_pseudoflosculorum",1
"Candida_metapsilosis","Fungi,Ascomycota,Saccharomycetes,Saccharomycetales,Debaryomycetaceae,Candida,Candida_orthopsilosis",353
"Candida_metapsilosis","Fungi,Ascomycota,Saccharomycetes,Saccharomycetales,Pichiaceae,Ogataea,[Candida]_methanosorbosa",21
"Candida_metapsilosis","Fungi,Ascomycota,Saccharomycetes,Saccharomycetales,Metschnikowiaceae,Metschnikowia,Metschnikowia_amazonensis",1
"Candida_metapsilosis","Fungi,Ascomycota,Saccharomycetes,Saccharomycetales,NA,Nakazawaea,Nakazawaea_wyomingensis",3
"Candida_metapsilosis","Fungi,Ascomycota,Eurotiomycetes,Eurotiales,Aspergillaceae,Aspergillus,Aspergillus_insolitus",1
"Candida_metapsilosis","Fungi,Ascomycota,Saccharomycetes,Saccharomycetales,Debaryomycetaceae,Yamadazyma,Yamadazyma_scolyti",1
"Candida_metapsilosis","Fungi,Ascomycota,Saccharomycetes,Saccharomycetales,Debaryomycetaceae,Yamadazyma,[Candida]_vrieseae",3
"Candida_metapsilosis","Fungi,Ascomycota,Saccharomycetes,Saccharomycetales,Debaryomycetaceae,Candida,Candida_hyderabadensis",1
"Candida_metapsilosis","Fungi,Ascomycota,Dothideomycetes,Mycosphaerellales,Dissoconiaceae,Dissoconium,Dissoconium_proteae",1
"Candida_metapsilosis","Fungi,Ascomycota,Saccharomycetes,Saccharomycetales,Debaryomycetaceae,Candida,Candida_parapsilosis",1
"Candida_metapsilosis","Fungi,Ascomycota,Dothideomycetes,Trypetheliales,Trypetheliaceae,Astrothelium,Astrothelium_chulumanense",1
"Candida_parapsilosis","Fungi,Ascomycota,Saccharomycetes,Saccharomycetales,Debaryomycetaceae,Candida,Candida_parapsilosis",576
"Candida_parapsilosis","Fungi,Ascomycota,Saccharomycetes,Saccharomycetales,Pichiaceae,Ogataea,[Candida]_methanosorbosa",24
"Candida_parapsilosis","Fungi,Ascomycota,Saccharomycetes,Saccharomycetales,NA,Nakazawaea,Nakazawaea_wyomingensis",9
"Candida_parapsilosis","Fungi,Ascomycota,Dothideomycetes,Mycosphaerellales,Dissoconiaceae,Dissoconium,Dissoconium_proteae",5
"Candida_parapsilosis","Fungi,Ascomycota,Dothideomycetes,Pleosporales,Pleosporaceae,Bipolaris,Bipolaris_simmondsii",1
"Candida_parapsilosis","Fungi,Ascomycota,Saccharomycetes,Saccharomycetales,Debaryomycetaceae,Candida,Candida_dubliniensis",1
"Candida_parapsilosis","Fungi,Ascomycota,Sordariomycetes,Diaporthales,Diaporthaceae,Diaporthe,Diaporthe_foeniculina",1
"Candida_parapsilosis","Fungi,Ascomycota,Saccharomycetes,Saccharomycetales,Pichiaceae,Saturnispora,Saturnispora_hagleri",1
"Candida_parapsilosis","Fungi,Ascomycota,Saccharomycetes,Saccharomycetales,Debaryomycetaceae,Candida,Candida_hyderabadensis",1
"Candida_parapsilosis","Fungi,Basidiomycota,Microbotryomycetes,Sporidiobolales,Sporidiobolaceae,Rhodotorula,Rhodotorula_mucilaginosa",1
"Candida_parapsilosis","Fungi,Ascomycota,Saccharomycetes,Saccharomycetales,Pichiaceae,Ogataea,[Candida]_succiphila",1
"Candida_parapsilosis","Fungi,Ascomycota,Saccharomycetes,Saccharomycetales,Debaryomycetaceae,Yamadazyma,[Candida]_vrieseae",1
"Candida_parapsilosis","Fungi,Ascomycota,Saccharomycetes,Saccharomycetales,Dipodascaceae,Yarrowia,Yarrowia_lipolytica",1
"Candida_parapsilosis","Fungi,Ascomycota,Saccharomycetes,Saccharomycetales,Debaryomycetaceae,Candida,Candida_orthopsilosis",1
"Candida_tropicalis","Fungi,Ascomycota,Saccharomycetes,Saccharomycetales,Debaryomycetaceae,Candida,Candida_tropicalis",372
"Candida_tropicalis","Fungi,Ascomycota,Saccharomycetes,Saccharomycetales,Pichiaceae,Ogataea,[Candida]_methanosorbosa",26
"Candida_tropicalis","Fungi,Ascomycota,Saccharomycetes,Saccharomycetales,NA,Nakazawaea,Nakazawaea_peltata",3
"Candida_tropicalis","Fungi,Ascomycota,Saccharomycetes,Saccharomycetales,NA,Nakazawaea,Nakazawaea_wyomingensis",25
"Candida_tropicalis","Fungi,Ascomycota,Saccharomycetes,Saccharomycetales,Debaryomycetaceae,Yamadazyma,[Candida]_vrieseae",7
"Candida_tropicalis","Fungi,Basidiomycota,Tremellomycetes,Tremellales,Cuniculitremaceae,Kockovaella,Kockovaella_ischaemi",1
"Candida_tropicalis","Fungi,Ascomycota,Saccharomycetes,Saccharomycetales,Debaryomycetaceae,Candida,Candida_labiduridarum",1
"Candida_tropicalis","Fungi,Ascomycota,Dothideomycetes,Pleosporales,Pleosporaceae,Curvularia,Curvularia_beasleyi",1
"Candida_tropicalis","Fungi,Ascomycota,Dothideomycetes,Mycosphaerellales,Mycosphaerellaceae,Pseudocercospora,Pseudocercospora_sennae-multijugae",1
"Candida_tropicalis","Fungi,Ascomycota,Sordariomycetes,Xylariales,Diatrypaceae,Eutypa,Eutypa_camelliae",1
"Candida_tropicalis","Fungi,Basidiomycota,Agaricomycetes,Hymenochaetales,Hymenochaetaceae,Fomitiporia,Fomitiporia_eucalypti",1
"Candida_tropicalis","Fungi,Ascomycota,Saccharomycetes,Saccharomycetales,NA,Kuraishia,Kuraishia_molischiana",1
"Candida_zeylanoides","Fungi,Ascomycota,Sordariomycetes,Hypocreales,NA,Pseudoacremonium,Pseudoacremonium_sacchari",1
"Candida_zeylanoides","Fungi,Ascomycota,Saccharomycetes,Saccharomycetales,Metschnikowiaceae,NA,[Candida]_pseudointermedia",91
"Candida_zeylanoides","Fungi,Ascomycota,Saccharomycetes,Saccharomycetales,Metschnikowiaceae,NA,[Candida]_pseudoflosculorum",109
"Candida_zeylanoides","Fungi,Ascomycota,Saccharomycetes,Saccharomycetales,Debaryomycetaceae,Kurtzmaniella,[Candida]_anglica",1
"Candida_zeylanoides","Fungi,Ascomycota,Saccharomycetes,Saccharomycetales,Debaryomycetaceae,Kurtzmaniella,[Candida]_zeylanoides",40
"Candida_zeylanoides","Fungi,Ascomycota,Saccharomycetes,Saccharomycetales,Dipodascaceae,Yarrowia,Yarrowia_yakushimensis",4
"Candida_zeylanoides","Fungi,Ascomycota,Saccharomycetes,Saccharomycetales,Trichomonascaceae,Wickerhamiella,Wickerhamiella_spandovensis",7
"Candida_zeylanoides","Fungi,Ascomycota,Saccharomycetes,Saccharomycetales,Metschnikowiaceae,Clavispora,Clavispora_lusitaniae",1
"Candida_zeylanoides","Fungi,Ascomycota,Eurotiomycetes,Eurotiales,Aspergillaceae,Aspergillus,Aspergillus_insolitus",29
"Candida_zeylanoides","Fungi,Ascomycota,Eurotiomycetes,Eurotiales,Trichocomaceae,Rasamsonia,Rasamsonia_piperina",1
"Candida_zeylanoides","Fungi,Ascomycota,Sordariomycetes,Hypocreales,Stachybotryaceae,Memnoniella,Memnoniella_putrefolia",2
"Candida_zeylanoides","Fungi,Ascomycota,Sordariomycetes,Hypocreales,Stachybotryaceae,Stachybotrys,Stachybotrys_subsylvatica",2
"Candida_zeylanoides","Fungi,Ascomycota,Sordariomycetes,Hypocreales,Ophiocordycipitaceae,Hyaloseta,Hyaloseta_nolinae",2
"Candida_zeylanoides","Fungi,Ascomycota,Saccharomycetes,Saccharomycetales,Debaryomycetaceae,Kurtzmaniella,[Candida]_santamariae_var._membranifaciens",1
"Candida_zeylanoides","Fungi,Ascomycota,Sordariomycetes,Hypocreales,Nectriaceae,Paracremonium,Paracremonium_contagium",2
"Candida_zeylanoides","Fungi,Ascomycota,Saccharomycetes,Saccharomycetales,Phaffomycetaceae,Phaffomyces,[Candida]_orba",1
"Cortinarius_globuliformis_CM4","Fungi,Basidiomycota,Agaricomycetes,Russulales,Russulaceae,Lactarius,Lactarius_horakii",57
"Cortinarius_globuliformis_CM4","Fungi,Basidiomycota,Agaricomycetes,Polyporales,Polyporaceae,Ganoderma,Ganoderma_wiiroense",67
"Cortinarius_globuliformis_CM4","Fungi,Basidiomycota,Agaricomycetes,Russulales,Lachnocladiaceae,Scytinostroma,Scytinostroma_alutum",7
"Cortinarius_globuliformis_CM4","Fungi,Basidiomycota,Agaricomycetes,Hymenochaetales,Schizoporaceae,Xylodon,Xylodon_ussuriensis",1
"Cortinarius_globuliformis_CM4","Fungi,Basidiomycota,Agaricomycetes,Agaricales,Cortinariaceae,Cortinarius,Cortinarius_persplendidus",1
"Cortinarius_globuliformis_CM4","Fungi,Basidiomycota,Agaricomycetes,Russulales,Lachnocladiaceae,Vararia,Vararia_breviphysa",7
"Cortinarius_globuliformis_CM4","Fungi,Basidiomycota,Agaricomycetes,Corticiales,Vuilleminiaceae,Vuilleminia,Vuilleminia_pseudocystidiata",5
"Cortinarius_globuliformis_CM4","Fungi,Basidiomycota,Agaricomycetes,Agaricales,Cortinariaceae,Aureonarius,Aureonarius_collybianus",5
"Cortinarius_globuliformis_CM4","Fungi,Ascomycota,Leotiomycetes,NA,NA,Scytalidium,Scytalidium_circinatum",1
"Cortinarius_globuliformis_CM4","Fungi,Basidiomycota,Agaricomycetes,Gomphales,Gomphaceae,Lentaria,Lentaria_variabilis",1
"Cortinarius_globuliformis_CM4","Fungi,Basidiomycota,Agaricomycetes,Agaricales,Cortinariaceae,Phlegmacium,Phlegmacium_cephalixolargum",1
"Cortinarius_globuliformis_CM4","Fungi,Basidiomycota,Agaricomycetes,Agaricales,Entolomataceae,Entoloma,Entoloma_caeruleomarginatum",1
"Cortinarius_globuliformis_CM4","Fungi,Basidiomycota,Agaricomycetes,Russulales,Russulaceae,Lactifluus,Lactifluus_pectinatus",1
"Cortinarius_globuliformis_CM4","Fungi,Basidiomycota,Agaricomycetes,Agaricales,Cortinariaceae,Cortinarius,Cortinarius_cruentoides",1
"Cryptococcus_gattii_VG_I","Fungi,Basidiomycota,Tremellomycetes,Tremellales,Cryptococcaceae,Cryptococcus,Cryptococcus_bacillisporus",466
"Cryptococcus_gattii_VG_I","Fungi,Basidiomycota,Agaricomycetes,Cantharellales,Hydnaceae,Hydnum,Hydnum_reginae",2
"Cryptococcus_gattii_VG_I","Fungi,Basidiomycota,Agaricomycetes,Geastrales,Geastraceae,Geastrum,Geastrum_caatingense",37
"Cryptococcus_gattii_VG_I","Fungi,Ascomycota,Saccharomycetes,Saccharomycetales,Debaryomycetaceae,Suhomyces,[Candida]_caryicola",1
"Cryptococcus_gattii_VG_I","Fungi,Ascomycota,Lecanoromycetes,Ostropales,Stictidaceae,Cyanodermella,Cyanodermella_oleoligni",1
"Cryptococcus_neoformans_VN_IIII","Fungi,Basidiomycota,Tremellomycetes,Tremellales,Cryptococcaceae,Cryptococcus,Cryptococcus_bacillisporus",476
"Cryptococcus_neoformans_VN_IIII","Fungi,Basidiomycota,Agaricomycetes,Geastrales,Geastraceae,Geastrum,Geastrum_caatingense",48
"Cryptococcus_neoformans_VN_IIII","Fungi,Basidiomycota,Agaricomycetes,Gomphales,Gomphaceae,Lentaria,Lentaria_variabilis",2
"Cryptococcus_neoformans_VN_IIII","Fungi,Basidiomycota,Agaricomycetes,Cantharellales,Hydnaceae,Hydnum,Hydnum_reginae",2
"Cryptococcus_neoformans_VN_IIII","Fungi,Ascomycota,Saccharomycetes,Saccharomycetales,Debaryomycetaceae,Debaryomyces,Debaryomyces_psychrosporus",1
"Cryptococcus_neoformans_VN_IIII","Fungi,Ascomycota,Saccharomycetes,Saccharomycetales,Debaryomycetaceae,Candida,Candida_africana",1
"Cryptococcus_neoformans_VN_IIII","Fungi,Ascomycota,Lecanoromycetes,Lecanorales,Lecanoraceae,Lecanora,Lecanora_lendemeri",1
"Cryptovalsa_ampelina","Fungi,Ascomycota,Dothideomycetes,Venturiales,Sympoventuriaceae,Verruconis,Verruconis_thailandica",5
"Cryptovalsa_ampelina","Fungi,Ascomycota,Lecanoromycetes,Pertusariales,Megasporaceae,Lobothallia,Lobothallia_brachyloba",6
"Cryptovalsa_ampelina","Fungi,Ascomycota,Dothideomycetes,Mycosphaerellales,Mycosphaerellaceae,Pseudocercospora,Pseudocercospora_sennae-multijugae",115
"Cryptovalsa_ampelina","Fungi,Ascomycota,Leotiomycetes,NA,NA,Lauriomyces,Lauriomyces_bellulus",17
"Cryptovalsa_ampelina","Fungi,Ascomycota,Dothideomycetes,Pleosporales,Pleosporaceae,Bipolaris,Bipolaris_simmondsii",105
"Cryptovalsa_ampelina","Fungi,Ascomycota,Dothideomycetes,Pleosporales,Pleosporaceae,Curvularia,Curvularia_beasleyi",98
"Cryptovalsa_ampelina","Fungi,Ascomycota,Sordariomycetes,Xylariales,Sporocadaceae,Seiridium,Seiridium_marginatum",4
"Cryptovalsa_ampelina","Fungi,Ascomycota,Sordariomycetes,Xylariales,Diatrypaceae,Eutypella,Eutypella_parasitica",4
"Cryptovalsa_ampelina","Fungi,Ascomycota,Dothideomycetes,Mycosphaerellales,Teratosphaeriaceae,Salinomyces,Salinomyces_thailandica",12
"Cryptovalsa_ampelina","Fungi,Ascomycota,Sordariomycetes,Xylariales,Sporocadaceae,Bartalinia,Bartalinia_robillardoides",1
"Cryptovalsa_ampelina","Fungi,Ascomycota,Sordariomycetes,Sordariales,Chaetomiaceae,Dichotomopilus,Dichotomopilus_subfunicola",3
"Cryptovalsa_ampelina","Fungi,Ascomycota,Sordariomycetes,Xylariales,Diatrypaceae,Diatrypella,Diatrypella_betulicola",1
"Cryptovalsa_ampelina","Fungi,Ascomycota,Eurotiomycetes,Eurotiales,Aspergillaceae,Aspergillus,Aspergillus_insolitus",1
"Cryptovalsa_ampelina","Fungi,Ascomycota,Saccharomycetes,Saccharomycetales,Metschnikowiaceae,NA,[Candida]_pseudointermedia",1
"Cryptovalsa_ampelina","Fungi,Ascomycota,Eurotiomycetes,Eurotiales,Trichocomaceae,Thermomyces,Thermomyces_dupontii",2
"Cryptovalsa_ampelina","Fungi,Ascomycota,Dothideomycetes,Pleosporales,Phaeosphaeriaceae,Paraphoma,Paraphoma_variabilis",1
"Diaporthe_sp_CCL067","Fungi,Ascomycota,Sordariomycetes,Diaporthales,Gnomoniaceae,Gnomoniopsis,Gnomoniopsis_paraclavulata",343
"Diaporthe_sp_CCL067","Fungi,Ascomycota,Dothideomycetes,Mycosphaerellales,Mycosphaerellaceae,Pseudocercospora,Pseudocercospora_sennae-multijugae",84
"Diaporthe_sp_CCL067","Fungi,Ascomycota,Dothideomycetes,Pleosporales,Pleosporaceae,Bipolaris,Bipolaris_simmondsii",86
"Diaporthe_sp_CCL067","Fungi,Ascomycota,Dothideomycetes,Pleosporales,Dictyosporiaceae,Dictyosporium,Dictyosporium_strelitziae",1
"Diaporthe_sp_CCL067","Fungi,Ascomycota,Saccharomycetes,Saccharomycetales,Dipodascaceae,Magnusiomyces,Magnusiomyces_capitatus",1
"Diaporthe_sp_CCL067","Fungi,Ascomycota,Dothideomycetes,Pleosporales,Pleosporaceae,Bipolaris,Bipolaris_woodii",3
"Diaporthe_sp_CCL067","Fungi,Ascomycota,Dothideomycetes,Pleosporales,Pleosporaceae,Curvularia,Curvularia_beasleyi",75
"Diaporthe_sp_CCL067","Fungi,Ascomycota,Dothideomycetes,Venturiales,Sympoventuriaceae,Verruconis,Verruconis_thailandica",5
"Diaporthe_sp_CCL067","Fungi,Ascomycota,Lecanoromycetes,Ostropales,Stictidaceae,Cyanodermella,Cyanodermella_oleoligni",5
"Diaporthe_sp_CCL067","Fungi,Ascomycota,Sordariomycetes,Diaporthales,Gnomoniaceae,Gnomoniopsis,Gnomoniopsis_smithogilvyi",10
"Diaporthe_sp_CCL067","Fungi,Ascomycota,Dothideomycetes,Pleosporales,Pleosporaceae,Bipolaris,Bipolaris_sivanesaniana",1
"Diaporthe_sp_CCL067","Fungi,Basidiomycota,Pucciniomycetes,Pucciniales,Pucciniaceae,Puccinia,Puccinia_aizazii",1
"Diaporthe_sp_CCL067","Fungi,Ascomycota,Dothideomycetes,Pleosporales,Pleosporaceae,Curvularia,Curvularia_americana",2
"Diaporthe_sp_CCL067","Fungi,Ascomycota,Sordariomycetes,Hypocreales,NA,Pseudoacremonium,Pseudoacremonium_sacchari",2
"Diaporthe_sp_CCL067","Fungi,Ascomycota,Sordariomycetes,Diaporthales,Tubakiaceae,Tubakia,Tubakia_japonica",1
"Diaporthe_sp_CCL067","Fungi,Ascomycota,Saccharomycetes,Saccharomycetales,Trichomonascaceae,Blastobotrys,Blastobotrys_proliferans",1
"Diaporthe_sp_CCL067","Fungi,Ascomycota,Sordariomycetes,Diaporthales,Stilbosporaceae,Stegonsporium,Stegonsporium_pseudopyriforme",1
"Diaporthe_sp_CCL067","Fungi,Ascomycota,Sordariomycetes,Hypocreales,Nectriaceae,Paracremonium,Paracremonium_inflatum",2
"Diaporthe_sp_CCL067","Fungi,Ascomycota,Sordariomycetes,Diaporthales,Tubakiaceae,Paratubakia,Paratubakia_subglobosa",1
"Diaporthe_sp_CCL067","Fungi,Ascomycota,Dothideomycetes,Mycosphaerellales,Teratosphaeriaceae,Salinomyces,Salinomyces_thailandica",2
"Diaporthe_sp_CCL067","Fungi,Ascomycota,Eurotiomycetes,Eurotiales,Aspergillaceae,Aspergillus,Aspergillus_insolitus",1
"Diaporthe_sp_CCL067","Fungi,Ascomycota,Sordariomycetes,Diaporthales,Tubakiaceae,Tubakia,Tubakia_oblongispora",2
"Diaporthe_sp_CCL067","Fungi,Ascomycota,Dothideomycetes,Pleosporales,Pleosporaceae,Bipolaris,Bipolaris_subramanianii",3
"Diaporthe_sp_CCL067","Fungi,Ascomycota,Sordariomycetes,Diaporthales,Stilbosporaceae,Stilbospora,Stilbospora_longicornuta",1
"Diaporthe_sp_CCL067","Fungi,Ascomycota,Sordariomycetes,Hypocreales,Nectriaceae,Xenoacremonium,Xenoacremonium_falcatum",1
"Diaporthe_sp_CCL067","Fungi,Ascomycota,Dothideomycetes,Pleosporales,Phaeosphaeriaceae,Setophoma,Setophoma_vernoniae",1
"Diaporthe_sp_CCL067","Fungi,Ascomycota,Sordariomycetes,Hypocreales,Nectriaceae,Fusicolla,Fusicolla_aquaeductuum",1
"Diaporthe_sp_CCL067","Fungi,Ascomycota,Saccharomycetes,Saccharomycetales,Debaryomycetaceae,Suhomyces,Suhomyces_vadensis",1
"Diaporthe_sp_CCL067","Fungi,Ascomycota,Saccharomycetes,Saccharomycetales,Debaryomycetaceae,Candida,Candida_dubliniensis",1
"Diaporthe_sp_CCL067","Fungi,Ascomycota,Sordariomycetes,Diaporthales,Harknessiaceae,Harknessia,Harknessia_proteae",1
"Diaporthe_sp_CCL067","Fungi,Ascomycota,Sordariomycetes,Diaporthales,Melanconidaceae,Melanconis,Melanconis_betulae",1
"Diplodia_seriata","Fungi,Ascomycota,Dothideomycetes,Botryosphaeriales,Botryosphaeriaceae,Diplodia,Diplodia_seriata",611
"Diplodia_seriata","Fungi,Ascomycota,Dothideomycetes,Pleosporales,Pleosporaceae,Bipolaris,Bipolaris_woodii",2
"Diplodia_seriata","Fungi,Ascomycota,Eurotiomycetes,Eurotiales,Aspergillaceae,Penicillium,Penicillium_vanoranjei",5
"Diplodia_seriata","Fungi,Ascomycota,Dothideomycetes,Myriangiales,Elsinoaceae,Elsinoe,Elsinoe_eucalypticola",23
"Diplodia_seriata","Fungi,Ascomycota,Dothideomycetes,Capnodiales,Paradevriesiaceae,Paradevriesia,Paradevriesia_pseudoamericana",11
"Diplodia_seriata","Fungi,Ascomycota,Dothideomycetes,Botryosphaeriales,Botryosphaeriaceae,Diplodia,Diplodia_sapinea",4
"Diplodia_seriata","Fungi,Ascomycota,Sordariomycetes,Pleurotheciales,Pleurotheciaceae,Phaeoisaria,Phaeoisaria_loranthacearum",12
"Diplodia_seriata","Fungi,Ascomycota,Dothideomycetes,Mycosphaerellales,Mycosphaerellaceae,Ramularia,Ramularia_stellenboschensis",10
"Diplodia_seriata","Fungi,Ascomycota,Lecanoromycetes,Ostropales,Stictidaceae,Cyanodermella,Cyanodermella_oleoligni",8
"Diplodia_seriata","Fungi,Ascomycota,Dothideomycetes,Venturiales,Cylindrosympodiaceae,Pseudoanungitea,Pseudoanungitea_syzygii",9
"Diplodia_seriata","Fungi,Ascomycota,Sordariomycetes,Hypocreales,Nectriaceae,Fusicolla,Fusicolla_violacea",1
"Diplodia_seriata","Fungi,Ascomycota,Sordariomycetes,Hypocreales,Nectriaceae,Fusarium,Fusarium_fujikuroi",1
"Diplodia_seriata","Fungi,Ascomycota,Lecanoromycetes,Pertusariales,Megasporaceae,Lobothallia,Lobothallia_brachyloba",5
"Diplodia_seriata","Fungi,Ascomycota,Dothideomycetes,Venturiales,Sympoventuriaceae,Verruconis,Verruconis_thailandica",8
"Diplodia_seriata","Fungi,Ascomycota,Dothideomycetes,Mycosphaerellales,Teratosphaeriaceae,Penidiella,Penidiella_ellipsoidea",1
"Diplodia_seriata","Fungi,Ascomycota,Dothideomycetes,Mycosphaerellales,Mycosphaerellaceae,Pseudocercospora,Pseudocercospora_sennae-multijugae",3
"Diplodia_seriata","Fungi,Ascomycota,Saccharomycetes,Saccharomycetales,Metschnikowiaceae,Metschnikowia,Metschnikowia_amazonensis",1
"Diplodia_seriata","Fungi,Ascomycota,Dothideomycetes,Pleosporales,Pleosporaceae,Curvularia,Curvularia_beasleyi",1
"Diplodia_seriata","Fungi,Ascomycota,Dothideomycetes,Capnodiales,Capnodiaceae,Leptoxyphium,Leptoxyphium_madagascariense",1
"Diplodia_seriata","Fungi,Ascomycota,Orbiliomycetes,Orbiliales,Orbiliaceae,Orbilia,Orbilia_fimbriata",2
"Diplodia_seriata","Fungi,Ascomycota,Dothideomycetes,Capnodiales,Capnodiaceae,Chaetocapnodium,Chaetocapnodium_placitae",1
"Diplodia_seriata","Fungi,Ascomycota,Sordariomycetes,Hypocreales,Stachybotryaceae,Memnoniella,Memnoniella_putrefolia",1
"Diplodia_seriata","Fungi,Ascomycota,Dothideomycetes,Botryosphaeriales,Botryosphaeriaceae,Diplodia,Diplodia_intermedia",1
"Diplodia_seriata","Fungi,Ascomycota,Saccharomycetes,Saccharomycetales,Debaryomycetaceae,Candida,Candida_dubliniensis",1
"Diplodia_seriata","Fungi,Ascomycota,Dothideomycetes,Pleosporales,Dictyosporiaceae,Dendryphiella,Dendryphiella_eucalyptorum",1
"Diplodia_seriata","Fungi,Ascomycota,Dothideomycetes,Botryosphaeriales,Phyllostictaceae,Phyllosticta,Phyllosticta_speewahensis",1
"Diplodia_seriata","Fungi,Ascomycota,Dothideomycetes,NA,NA,Zeloasperisporium,Zeloasperisporium_eucalyptorum",1
"Diplodia_seriata","Fungi,Ascomycota,Saccharomycetes,Saccharomycetales,Trichomonascaceae,Blastobotrys,Blastobotrys_proliferans",1
"Diplodia_seriata","Fungi,Ascomycota,Dothideomycetes,Botryosphaeriales,Botryosphaeriaceae,Mucoharknessia,Mucoharknessia_cortaderiae",2
"Diplodia_seriata","Fungi,Ascomycota,Dothideomycetes,Mycosphaerellales,Teratosphaeriaceae,Salinomyces,Salinomyces_thailandica",1
"Diplodia_seriata","Fungi,Ascomycota,Orbiliomycetes,Orbiliales,Orbiliaceae,Arthrobotrys,Arthrobotrys_dendroides",1
"Entoleuca_sp_CCL052","Fungi,Ascomycota,Dothideomycetes,Venturiales,Sympoventuriaceae,Verruconis,Verruconis_thailandica",464
"Entoleuca_sp_CCL052","Fungi,Ascomycota,Dothideomycetes,Mycosphaerellales,Teratosphaeriaceae,Salinomyces,Salinomyces_thailandica",7
"Entoleuca_sp_CCL052","Fungi,Ascomycota,Sordariomycetes,Xylariales,Xylariaceae,Anthostomella,Anthostomella_pinea",46
"Entoleuca_sp_CCL052","Fungi,Ascomycota,Sordariomycetes,Xylariales,Microdochiaceae,Microdochium,Microdochium_salmonicolor",40
"Entoleuca_sp_CCL052","Fungi,Ascomycota,Lecanoromycetes,Pertusariales,Megasporaceae,Lobothallia,Lobothallia_brachyloba",11
"Entoleuca_sp_CCL052","Fungi,Ascomycota,Eurotiomycetes,Eurotiales,Trichocomaceae,Thermomyces,Thermomyces_dupontii",1
"Entoleuca_sp_CCL052","Fungi,Ascomycota,Sordariomycetes,Xylariales,NA,Anthostomelloides,Anthostomelloides_leucospermi",6
"Entoleuca_sp_CCL052","Fungi,Ascomycota,Sordariomycetes,Xylariales,Xylariaceae,Coniolariella,Coniolariella_hispanica",22
"Entoleuca_sp_CCL052","Fungi,Ascomycota,Eurotiomycetes,Chaetothyriales,Trichomeriaceae,Incumbomyces,Incumbomyces_lentus",13
"Entoleuca_sp_CCL052","Fungi,Ascomycota,Sordariomycetes,Togniniales,Togniniaceae,Phaeoacremonium,Phaeoacremonium_croatiense",8
"Entoleuca_sp_CCL052","Fungi,Ascomycota,Eurotiomycetes,Eurotiales,Trichocomaceae,Talaromyces,Talaromyces_coalescens",2
"Entoleuca_sp_CCL052","Fungi,Ascomycota,Dothideomycetes,Mycosphaerellales,Mycosphaerellaceae,Pseudocercospora,Pseudocercospora_sennae-multijugae",11
"Entoleuca_sp_CCL052","Fungi,Ascomycota,Sordariomycetes,Hypocreales,Clavicipitaceae,Claviceps,Claviceps_setariicola",1
"Entoleuca_sp_CCL052","Fungi,Ascomycota,Sordariomycetes,Hypocreales,Nectriaceae,Fusarium,Fusarium_martii",3
"Entoleuca_sp_CCL052","Fungi,Ascomycota,Sordariomycetes,Hypocreales,Clavicipitaceae,Claviceps,Claviceps_tenuispora",2
"Entoleuca_sp_CCL052","Fungi,Ascomycota,Saccharomycetes,Saccharomycetales,Debaryomycetaceae,Suhomyces,Suhomyces_vadensis",1
"Entoleuca_sp_CCL052","Fungi,Ascomycota,Saccharomycetes,Saccharomycetales,Metschnikowiaceae,Clavispora,Clavispora_fructus",1
"Entoleuca_sp_CCL052","Fungi,Ascomycota,Sordariomycetes,Hypocreales,Clavicipitaceae,Claviceps,Claviceps_setariiphila",1
"Entoleuca_sp_CCL052","Fungi,Ascomycota,Sordariomycetes,Hypocreales,Clavicipitaceae,Claviceps,Claviceps_kawatanii",2
"Entoleuca_sp_CCL052","Fungi,Ascomycota,Sordariomycetes,Hypocreales,Clavicipitaceae,Claviceps,Claviceps_microspora",1
"Entoleuca_sp_CCL052","Fungi,Ascomycota,Dothideomycetes,Pleosporales,Pleosporaceae,Curvularia,Curvularia_beasleyi",3
"Entoleuca_sp_CCL052","Fungi,Ascomycota,Sordariomycetes,Hypocreales,Clavicipitaceae,Claviceps,Claviceps_chloridicola",1
"Erysiphe_necator","Fungi,Ascomycota,Leotiomycetes,Helotiales,Dermateaceae,Coleophoma,Coleophoma_eucalypticola",114
"Erysiphe_necator","Fungi,Ascomycota,Eurotiomycetes,Eurotiales,Trichocomaceae,Thermomyces,Thermomyces_dupontii",340
"Erysiphe_necator","Fungi,Ascomycota,Leotiomycetes,Erysiphales,Erysiphaceae,Erysiphe,Erysiphe_coryli-americanae",41
"Erysiphe_necator","Fungi,Ascomycota,Eurotiomycetes,Eurotiales,Aspergillaceae,Aspergillus,Aspergillus_insolitus",1
"Erysiphe_necator","Fungi,Ascomycota,Dothideomycetes,Pleosporales,Pleosporaceae,Alternaria,Alternaria_sorghi",13
"Erysiphe_necator","Fungi,Ascomycota,Leotiomycetes,Erysiphales,Erysiphaceae,Erysiphe,Erysiphe_ipomoeae",1
"Erysiphe_necator","Fungi,Ascomycota,Dothideomycetes,Pleosporales,Didymosphaeriaceae,Deniquelata,Deniquelata_macphersoniae",1
"Erysiphe_necator","Fungi,Ascomycota,Lecanoromycetes,Pertusariales,Megasporaceae,Lobothallia,Lobothallia_brachyloba",1
"Erysiphe_necator","Fungi,Ascomycota,Leotiomycetes,Erysiphales,Erysiphaceae,Erysiphe,Erysiphe_deutziicola",11
"Erysiphe_necator","Fungi,Ascomycota,Leotiomycetes,Erysiphales,Erysiphaceae,Erysiphe,Erysiphe_salicis",2
"Erysiphe_necator","Fungi,Ascomycota,Dothideomycetes,Venturiales,Sympoventuriaceae,Verruconis,Verruconis_thailandica",7
"Erysiphe_necator","Fungi,Ascomycota,Leotiomycetes,NA,Pseudeurotiaceae,Pseudogymnoascus,Pseudogymnoascus_hyalinus",4
"Erysiphe_necator","Fungi,Ascomycota,Dothideomycetes,Pleosporales,Pleosporaceae,Alternaria,Alternaria_multiformis",1
"Erysiphe_necator","Fungi,Ascomycota,Eurotiomycetes,Eurotiales,Aspergillaceae,Penicillium,Penicillium_olsonii",3
"Erysiphe_necator","Fungi,Ascomycota,Leotiomycetes,Erysiphales,Erysiphaceae,Erysiphe,Erysiphe_eschscholziae",1
"Erysiphe_necator","Fungi,Ascomycota,Lecanoromycetes,Ostropales,Stictidaceae,Cyanodermella,Cyanodermella_oleoligni",1
"Erysiphe_necator","Fungi,Ascomycota,Saccharomycetes,Saccharomycetales,Metschnikowiaceae,NA,[Candida]_pseudointermedia",1
"Erysiphe_necator","Fungi,Ascomycota,Leotiomycetes,Erysiphales,Erysiphaceae,Erysiphe,Erysiphe_linderae",2
"Erysiphe_necator","Fungi,Ascomycota,Sordariomycetes,Hypocreales,Cordycipitaceae,Leptobacillium,Leptobacillium_chinense",1
"Erysiphe_necator","Fungi,Ascomycota,Leotiomycetes,Erysiphales,Erysiphaceae,Erysiphe,Erysiphe_aucubae",1
"Eutypa_lata","Fungi,Ascomycota,Dothideomycetes,Pleosporales,Pleosporaceae,Bipolaris,Bipolaris_simmondsii",71
"Eutypa_lata","Fungi,Ascomycota,Dothideomycetes,Pleosporales,Pleosporaceae,Curvularia,Curvularia_beasleyi",70
"Eutypa_lata","Fungi,Ascomycota,Dothideomycetes,Mycosphaerellales,Mycosphaerellaceae,Pseudocercospora,Pseudocercospora_sennae-multijugae",62
"Eutypa_lata","Fungi,Ascomycota,Sordariomycetes,Xylariales,Diatrypaceae,Eutypa,Eutypa_camelliae",14
"Eutypa_lata","Fungi,Ascomycota,Dothideomycetes,Mycosphaerellales,Teratosphaeriaceae,Salinomyces,Salinomyces_thailandica",7
"Eutypa_lata","Fungi,Ascomycota,Sordariomycetes,Sordariales,Chaetomiaceae,Dichotomopilus,Dichotomopilus_subfunicola",1
"Eutypa_lata","Fungi,Ascomycota,Dothideomycetes,Venturiales,Sympoventuriaceae,Verruconis,Verruconis_thailandica",3
"Eutypa_lata","Fungi,Ascomycota,Lecanoromycetes,Ostropales,Stictidaceae,Cyanodermella,Cyanodermella_oleoligni",2
"Eutypa_lata","Fungi,Ascomycota,Dothideomycetes,Pleosporales,Phaeosphaeriaceae,Setophoma,Setophoma_vernoniae",1
"Fusarium_proliferatum","Fungi,Ascomycota,Sordariomycetes,Hypocreales,Nectriaceae,Fusarium,Fusarium_fujikuroi",97
"Fusarium_proliferatum","Fungi,Ascomycota,Dothideomycetes,Pleosporales,Pleosporaceae,Curvularia,Curvularia_beasleyi",118
"Fusarium_proliferatum","Fungi,Ascomycota,Lecanoromycetes,Ostropales,Stictidaceae,Cyanodermella,Cyanodermella_oleoligni",11
"Fusarium_proliferatum","Fungi,Ascomycota,Dothideomycetes,Pleosporales,Pleosporaceae,Bipolaris,Bipolaris_simmondsii",104
"Fusarium_proliferatum","Fungi,Ascomycota,Sordariomycetes,Hypocreales,Nectriaceae,Fusarium,Fusarium_concentricum",33
"Fusarium_proliferatum","Fungi,Ascomycota,Dothideomycetes,Mycosphaerellales,Mycosphaerellaceae,Pseudocercospora,Pseudocercospora_sennae-multijugae",77
"Fusarium_proliferatum","Fungi,Ascomycota,Dothideomycetes,Mycosphaerellales,Teratosphaeriaceae,Salinomyces,Salinomyces_thailandica",20
"Fusarium_proliferatum","Fungi,Ascomycota,Dothideomycetes,Pleosporales,Phaeosphaeriaceae,Xenophoma,Xenophoma_microspora",1
"Fusarium_proliferatum","Fungi,Ascomycota,Sordariomycetes,Hypocreales,Nectriaceae,Fusarium,Fusarium_elaeagni",9
"Fusarium_proliferatum","Fungi,Ascomycota,Saccharomycetes,Saccharomycetales,Debaryomycetaceae,Kodamaea,Kodamaea_ohmeri",1
"Fusarium_proliferatum","Fungi,Ascomycota,Dothideomycetes,Venturiales,Sympoventuriaceae,Verruconis,Verruconis_thailandica",6
"Fusarium_proliferatum","Fungi,Ascomycota,Eurotiomycetes,Eurotiales,Aspergillaceae,Aspergillus,Aspergillus_insolitus",1
"Fusarium_proliferatum","Fungi,Ascomycota,Sordariomycetes,Hypocreales,Nectriaceae,Fusarium,[Bisifusarium]_lovelliae",2
"Fusarium_proliferatum","Fungi,Ascomycota,Sordariomycetes,Hypocreales,Nectriaceae,Fusarium,Fusarium_hechiense",2
"Fusarium_proliferatum","Fungi,Ascomycota,Sordariomycetes,Hypocreales,Nectriaceae,Thyronectria,Thyronectria_caudata",1
"Fusarium_proliferatum","Fungi,Ascomycota,Leotiomycetes,Helotiales,Dermateaceae,Coleophoma,Coleophoma_eucalypticola",1
"Fusarium_proliferatum","Fungi,Ascomycota,Dothideomycetes,Mycosphaerellales,Mycosphaerellaceae,Mycodiella,Mycodiella_eucalypti",1
"Fusarium_proliferatum","Fungi,Ascomycota,Sordariomycetes,Hypocreales,Nectriaceae,Fusarium,Fusarium_annulatum",1
"Fusarium_proliferatum","Fungi,Ascomycota,Sordariomycetes,Xylariales,Microdochiaceae,Microdochium,Microdochium_salmonicolor",3
"Fusarium_proliferatum","Fungi,Ascomycota,Dothideomycetes,Mycosphaerellales,Mycosphaerellaceae,Cercosporella,Cercosporella_dolichandrae",1
"Fusarium_proliferatum","Fungi,Ascomycota,Saccharomycetes,Saccharomycetales,Dipodascaceae,Yarrowia,Yarrowia_lipolytica",1
"Fusarium_proliferatum","Fungi,Ascomycota,Dothideomycetes,Pleosporales,Pleosporaceae,Bipolaris,Bipolaris_subramanianii",1
"Fusarium_proliferatum","Fungi,Ascomycota,Saccharomycetes,Saccharomycetales,Debaryomycetaceae,Candida,Candida_orthopsilosis",1
"Fusarium_proliferatum","Fungi,Ascomycota,Sordariomycetes,Hypocreales,NA,Pseudoacremonium,Pseudoacremonium_sacchari",1
"Fusarium_proliferatum","Fungi,Ascomycota,Saccharomycetes,Saccharomycetales,Debaryomycetaceae,Yamadazyma,Yamadazyma_mexicana",1
"Fusarium_pseudograminearum","Fungi,Ascomycota,Sordariomycetes,Hypocreales,Nectriaceae,Fusarium,Fusarium_pseudograminearum",42
"Fusarium_pseudograminearum","Fungi,Ascomycota,Dothideomycetes,Mycosphaerellales,Mycosphaerellaceae,Pseudocercospora,Pseudocercospora_sennae-multijugae",119
"Fusarium_pseudograminearum","Fungi,Ascomycota,Dothideomycetes,Pleosporales,Pleosporaceae,Curvularia,Curvularia_beasleyi",115
"Fusarium_pseudograminearum","Fungi,Ascomycota,Dothideomycetes,Pleosporales,Pleosporaceae,Bipolaris,Bipolaris_simmondsii",122
"Fusarium_pseudograminearum","Fungi,Ascomycota,Dothideomycetes,Mycosphaerellales,Teratosphaeriaceae,Salinomyces,Salinomyces_thailandica",28
"Fusarium_pseudograminearum","Fungi,Ascomycota,Sordariomycetes,Sordariales,Chaetomiaceae,Amesia,Amesia_dreyfussii",5
"Fusarium_pseudograminearum","Fungi,Ascomycota,Sordariomycetes,Xylariales,Microdochiaceae,Microdochium,Microdochium_salmonicolor",3
"Fusarium_pseudograminearum","Fungi,Mucoromycota,Mucoromycetes,Mucorales,Mucoraceae,Mucor,Mucor_phayaoensis",4
"Fusarium_pseudograminearum","Fungi,Ascomycota,Dothideomycetes,Pleosporales,Phaeosphaeriaceae,Paraphoma,Paraphoma_variabilis",1
"Fusarium_pseudograminearum","Fungi,Ascomycota,Sordariomycetes,Sordariales,Chaetomiaceae,Dichotomopilus,Dichotomopilus_subfunicola",3
"Fusarium_pseudograminearum","Fungi,Ascomycota,Dothideomycetes,Venturiales,Sympoventuriaceae,Verruconis,Verruconis_thailandica",8
"Fusarium_pseudograminearum","Fungi,Ascomycota,Sordariomycetes,Hypocreales,Nectriaceae,Fusarium,[Bisifusarium]_lovelliae",2
"Fusarium_pseudograminearum","Fungi,Ascomycota,Sordariomycetes,Chaetosphaeriales,Chaetosphaeriaceae,Chaetosphaeria,Chaetosphaeria_ciliata",1
"Fusarium_pseudograminearum","Fungi,Basidiomycota,Ustilaginomycetes,Ustilaginales,Ustilaginaceae,Pseudozyma,Pseudozyma_pruni",1
"Fusarium_pseudograminearum","Fungi,Mucoromycota,Mucoromycetes,Mucorales,Mucoraceae,Mucor,Mucor_griseocyanus",5
"Fusarium_pseudograminearum","Fungi,Ascomycota,Lecanoromycetes,Pertusariales,Megasporaceae,Lobothallia,Lobothallia_brachyloba",1
"Fusarium_pseudograminearum","Fungi,Ascomycota,Saccharomycetes,Saccharomycetales,Debaryomycetaceae,Yamadazyma,Yamadazyma_mexicana",1
"Fusarium_pseudograminearum","Fungi,Ascomycota,Dothideomycetes,Pleosporales,Pleosporaceae,Bipolaris,Bipolaris_woodii",1
"Geotrichum_candidum","Fungi,Ascomycota,Saccharomycetes,Saccharomycetales,Dipodascaceae,Magnusiomyces,Magnusiomyces_capitatus",460
"Geotrichum_candidum","Fungi,Ascomycota,Sordariomycetes,Pleurotheciales,Pleurotheciaceae,Phaeoisaria,Phaeoisaria_loranthacearum",4
"Geotrichum_candidum","Fungi,Ascomycota,Dothideomycetes,Mycosphaerellales,Dissoconiaceae,Dissoconium,Dissoconium_proteae",4
"Geotrichum_candidum","Fungi,Ascomycota,Saccharomycetes,Saccharomycetales,Trichomonascaceae,Sugiyamaella,Sugiyamaella_ayubii",3
"Geotrichum_candidum","Fungi,Ascomycota,Sordariomycetes,Xylariales,Sporocadaceae,Bartalinia,Bartalinia_robillardoides",1
"Geotrichum_candidum","Fungi,Ascomycota,Saccharomycetes,Saccharomycetales,Debaryomycetaceae,Millerozyma,Millerozyma_acaciae",1
"Geotrichum_candidum","Fungi,Ascomycota,Saccharomycetes,Saccharomycetales,Debaryomycetaceae,Yamadazyma,[Candida]_vrieseae",1
"Geotrichum_candidum","Fungi,Ascomycota,Eurotiomycetes,Chaetothyriales,Cyphellophoraceae,Cyphellophora,Cyphellophora_eucalypti",1
"Geotrichum_candidum","Fungi,Basidiomycota,Agaricomycetes,Gomphales,Gomphaceae,Lentaria,Lentaria_variabilis",1
"Kluyveromyces_lactis","Fungi,Ascomycota,Saccharomycetes,Saccharomycetales,Debaryomycetaceae,Candida,Candida_africana",324
"Kluyveromyces_lactis","Fungi,Ascomycota,Dothideomycetes,Pleosporales,Pleosporaceae,Curvularia,Curvularia_beasleyi",6
"Kluyveromyces_lactis","Fungi,Ascomycota,Dothideomycetes,Pleosporales,Pleosporaceae,Bipolaris,Bipolaris_simmondsii",5
"Kluyveromyces_lactis","Fungi,Ascomycota,Dothideomycetes,Mycosphaerellales,Mycosphaerellaceae,Pseudocercospora,Pseudocercospora_sennae-multijugae",3
"Kluyveromyces_lactis","Fungi,Ascomycota,Dothideomycetes,Pleosporales,Phaeosphaeriaceae,Paraphoma,Paraphoma_variabilis",1
"Kluyveromyces_lactis","Fungi,Ascomycota,Eurotiomycetes,Eurotiales,Trichocomaceae,Talaromyces,Talaromyces_coalescens",1
"Kluyveromyces_lactis","Fungi,Ascomycota,Saccharomycetes,Saccharomycetales,Pichiaceae,Martiniozyma,Martiniozyma_abietophila",1
"Kluyveromyces_marxianus","Fungi,Ascomycota,Eurotiomycetes,Eurotiales,Aspergillaceae,Aspergillus,Aspergillus_insolitus",78
"Kluyveromyces_marxianus","Fungi,Ascomycota,Saccharomycetes,Saccharomycetales,Saccharomycetaceae,Kluyveromyces,Kluyveromyces_marxianus",200
"Kluyveromyces_marxianus","Fungi,Ascomycota,Saccharomycetes,Saccharomycetales,Saccharomycetaceae,Lachancea,Lachancea_nothofagi",5
"Kluyveromyces_marxianus","Fungi,Ascomycota,Saccharomycetes,Saccharomycetales,Saccharomycetaceae,Kluyveromyces,Kluyveromyces_lactis",1
"Kodamaea_ohmeri","Fungi,Ascomycota,Pezizomycetes,Pezizales,Morchellaceae,Morchella,Morchella_australiana",198
"Kodamaea_ohmeri","Fungi,Ascomycota,Saccharomycetes,Saccharomycetales,Debaryomycetaceae,Kodamaea,Kodamaea_ohmeri",45
"Kodamaea_ohmeri","Fungi,Ascomycota,Saccharomycetes,Saccharomycetales,Pichiaceae,Martiniozyma,Martiniozyma_abietophila",5
"Kodamaea_ohmeri","Fungi,Ascomycota,Saccharomycetes,Saccharomycetales,Debaryomycetaceae,Suhomyces,Suhomyces_vadensis",7
"Kodamaea_ohmeri","Fungi,Ascomycota,Eurotiomycetes,Eurotiales,Aspergillaceae,Aspergillus,Aspergillus_insolitus",8
"Kodamaea_ohmeri","Fungi,Ascomycota,Saccharomycetes,Saccharomycetales,Dipodascaceae,Yarrowia,Yarrowia_yakushimensis",5
"Kodamaea_ohmeri","Fungi,Ascomycota,Saccharomycetes,Saccharomycetales,Metschnikowiaceae,NA,[Candida]_pseudoflosculorum",1
"Kodamaea_ohmeri","Fungi,Ascomycota,Sordariomycetes,Hypocreales,Ophiocordycipitaceae,Hyaloseta,Hyaloseta_nolinae",1
"Kodamaea_ohmeri","Fungi,Ascomycota,Dothideomycetes,Mycosphaerellales,Mycosphaerellaceae,Pseudocercospora,Pseudocercospora_sennae-multijugae",1
"Leptosphaeria_maculans","Fungi,Ascomycota,Dothideomycetes,Pleosporales,Leptosphaeriaceae,Plenodomus,Plenodomus_lingam",366
"Leptosphaeria_maculans","Fungi,Basidiomycota,Agaricomycetes,Polyporales,Polyporaceae,Ganoderma,Ganoderma_wiiroense",1
"Leptosphaeria_maculans","Fungi,Ascomycota,Lecanoromycetes,Ostropales,Stictidaceae,Cyanodermella,Cyanodermella_oleoligni",5
"Leptosphaeria_maculans","Fungi,Ascomycota,Lecanoromycetes,Pertusariales,Megasporaceae,Lobothallia,Lobothallia_brachyloba",1
"Leptosphaeria_maculans","Fungi,Ascomycota,Dothideomycetes,Pleosporales,Phaeosphaeriaceae,Setophoma,Setophoma_vernoniae",1
"Leptosphaeria_maculans","Fungi,Ascomycota,Eurotiomycetes,Eurotiales,Aspergillaceae,Penicillium,Penicillium_fimorum",1
"Leptosphaeria_maculans","Fungi,Ascomycota,Dothideomycetes,Pleosporales,Phaeosphaeriaceae,Phaeosphaeriopsis,Phaeosphaeriopsis_pseudoagavacearum",4
"Leptosphaeria_maculans","Fungi,Ascomycota,Dothideomycetes,Mycosphaerellales,Mycosphaerellaceae,Pseudocercospora,Pseudocercospora_sennae-multijugae",3
"Leptosphaeria_maculans","Fungi,Ascomycota,Dothideomycetes,Pleosporales,Dictyosporiaceae,Dendryphiella,Dendryphiella_eucalyptorum",1
"Leptosphaeria_maculans","Fungi,Ascomycota,Sordariomycetes,Hypocreales,Nectriaceae,Paracremonium,Paracremonium_inflatum",1
"Leptosphaeria_maculans","Fungi,Ascomycota,Saccharomycetes,Saccharomycetales,Debaryomycetaceae,Suhomyces,Suhomyces_vadensis",1
"Leptosphaeria_maculans","Fungi,Ascomycota,Dothideomycetes,Mycosphaerellales,Mycosphaerellaceae,Cercosporella,Cercosporella_dolichandrae",1
"Leptosphaeria_maculans","Fungi,Ascomycota,Dothideomycetes,Cladosporiales,Cladosporiaceae,Rachicladosporium,Rachicladosporium_cboliae",1
"Penicillium_chrysogenum","Fungi,Ascomycota,Eurotiomycetes,Eurotiales,Aspergillaceae,Penicillium,Penicillium_fimorum",222
"Penicillium_chrysogenum","Fungi,Ascomycota,Saccharomycetes,Saccharomycetales,Phaffomycetaceae,Phaffomyces,[Candida]_orba",31
"Penicillium_chrysogenum","Fungi,Ascomycota,Eurotiomycetes,Eurotiales,Aspergillaceae,Penicillium,Penicillium_robsamsonii",28
"Penicillium_chrysogenum","Fungi,Ascomycota,Saccharomycetes,Saccharomycetales,Pichiaceae,Pichia,Pichia_membranifaciens",1
"Penicillium_chrysogenum","Fungi,Ascomycota,Eurotiomycetes,Eurotiales,Aspergillaceae,Penicillium,Penicillium_rubens",3
"Penicillium_chrysogenum","Fungi,Ascomycota,Eurotiomycetes,Eurotiales,Aspergillaceae,Penicillium,Penicillium_xyleborini",1
"Penicillium_chrysogenum","Fungi,Ascomycota,Eurotiomycetes,Eurotiales,Aspergillaceae,Penicillium,Penicillium_speluncae",10
"Pichia_kudriavzevii","Fungi,Ascomycota,Saccharomycetes,Saccharomycetales,Debaryomycetaceae,Spathaspora,Spathaspora_boniae",37
"Pichia_kudriavzevii","Fungi,Ascomycota,Saccharomycetes,Saccharomycetales,Pichiaceae,Pichia,Pichia_kudriavzevii",63
"Pichia_kudriavzevii","Fungi,Ascomycota,Saccharomycetes,Saccharomycetales,Debaryomycetaceae,Yamadazyma,[Candida]_oceani",47
"Pichia_kudriavzevii","Fungi,Ascomycota,Saccharomycetes,Saccharomycetales,Debaryomycetaceae,Candida,Candida_africana",63
"Pichia_kudriavzevii","Fungi,Ascomycota,Eurotiomycetes,Eurotiales,Aspergillaceae,Penicillium,Penicillium_vanoranjei",1
"Pichia_membranifaciens","Fungi,Ascomycota,Saccharomycetes,Saccharomycetales,Pichiaceae,Pichia,Pichia_membranifaciens",592
"Pichia_membranifaciens","Fungi,Ascomycota,Sordariomycetes,Xylariales,Sporocadaceae,Bartalinia,Bartalinia_robillardoides",1
"Pichia_membranifaciens","Fungi,Ascomycota,Saccharomycetes,Saccharomycetales,Pichiaceae,Pichia,Pichia_garciniae",2
"Pichia_membranifaciens","Fungi,Basidiomycota,Pucciniomycetes,Pucciniales,Pucciniaceae,Puccinia,Puccinia_aizazii",1
"Pichia_membranifaciens","Fungi,Ascomycota,Saccharomycetes,Saccharomycetales,Pichiaceae,Pichia,Pichia_manshurica",12
"Pichia_membranifaciens","Fungi,Ascomycota,Lecanoromycetes,Pertusariales,Megasporaceae,Lobothallia,Lobothallia_brachyloba",9
"Pichia_membranifaciens","Fungi,Ascomycota,Saccharomycetes,Saccharomycetales,Trichomonascaceae,Wickerhamiella,Wickerhamiella_spandovensis",1
"Pichia_membranifaciens","Fungi,Ascomycota,Dothideomycetes,Venturiales,Sympoventuriaceae,Verruconis,Verruconis_thailandica",4
"Pichia_membranifaciens","Fungi,Ascomycota,Eurotiomycetes,Eurotiales,Trichocomaceae,Talaromyces,Talaromyces_coalescens",1
"Pichia_membranifaciens","Fungi,Ascomycota,Eurotiomycetes,Eurotiales,Aspergillaceae,Aspergillus,Aspergillus_insolitus",1
"Pichia_membranifaciens","Fungi,Ascomycota,Eurotiomycetes,Eurotiales,Trichocomaceae,Thermomyces,Thermomyces_dupontii",1
"Pichia_membranifaciens","Fungi,Ascomycota,Saccharomycetes,Saccharomycetales,Pichiaceae,Pichia,[Candida]_californica",1
"Pichia_membranifaciens","Fungi,Ascomycota,Dothideomycetes,Mycosphaerellales,Mycosphaerellaceae,Pseudocercospora,Pseudocercospora_sennae-multijugae",1
"Puccinia_graminis","Fungi,Basidiomycota,Ustilaginomycetes,Urocystidales,Floromycetaceae,Antherospora,Antherospora_muscari-botryoidis",104
"Puccinia_graminis","Fungi,Basidiomycota,Ustilaginomycetes,Urocystidales,Floromycetaceae,Antherospora,Antherospora_hortensis",105
"Puccinia_graminis","Fungi,Basidiomycota,Pucciniomycetes,Pucciniales,Pucciniaceae,Puccinia,Puccinia_xinyuanensis",109
"Puccinia_graminis","Fungi,Basidiomycota,Ustilaginomycetes,Urocystidales,Floromycetaceae,Antherospora,Antherospora_tractemae",105
"Puccinia_graminis","Fungi,Basidiomycota,Malasseziomycetes,Malasseziales,Malasseziaceae,Malassezia,Malassezia_vespertilionis",109
"Puccinia_graminis","Fungi,Basidiomycota,Ustilaginomycetes,Violaceomycetales,Violaceomycetaceae,Violaceomyces,Violaceomyces_palustris",4
"Puccinia_graminis","Fungi,Basidiomycota,Ustilaginomycetes,Urocystidales,Floromycetaceae,Antherospora,Antherospora_vindobonensis",103
"Puccinia_graminis","Fungi,Basidiomycota,Agaricomycetes,Gomphales,Gomphaceae,Lentaria,Lentaria_variabilis",6
"Puccinia_graminis","Fungi,Basidiomycota,Pucciniomycetes,Pucciniales,Pucciniaceae,Puccinia,Puccinia_chunjiei",16
"Puccinia_graminis","Fungi,Basidiomycota,Agaricomycetes,Corticiales,Corticiaceae,Bryoclavula,Bryoclavula_phycophila",3
"Puccinia_graminis","Fungi,Basidiomycota,Exobasidiomycetes,Microstromatales,NA,Jaminaea,Jaminaea_angkorensis",7
"Puccinia_graminis","Fungi,Basidiomycota,Agaricomycetes,Cantharellales,Hydnaceae,Clavulina,Clavulina_cinereoglebosa",3
"Puccinia_graminis","Fungi,Basidiomycota,NA,Quasiramulariales,Quasiramulariaceae,Quasiramularia,Quasiramularia_phakopsoricola",3
"Puccinia_graminis","Fungi,Basidiomycota,Agaricomycetes,Cantharellales,Hydnaceae,Clavulina,Clavulina_monodiminutiva",1
"Puccinia_graminis","Fungi,Ascomycota,Saccharomycetes,Saccharomycetales,Debaryomycetaceae,Candida,Candida_africana",1
"Puccinia_graminis","Fungi,Chytridiomycota,Chytridiomycetes,Gromochytriales,Gromochytriaceae,Gromochytrium,Gromochytrium_mamkaevae",2
"Puccinia_graminis","Fungi,Basidiomycota,Ustilaginomycetes,Urocystidales,Glomosporiaceae,Thecaphora,Thecaphora_australiensis",4
"Puccinia_graminis","Fungi,Basidiomycota,Agaricomycetes,Agaricales,Cortinariaceae,Cortinarius,Cortinarius_circinans",1
"Puccinia_graminis","Fungi,Ascomycota,Sordariomycetes,Hypocreales,Ophiocordycipitaceae,Hyaloseta,Hyaloseta_nolinae",1
"Puccinia_graminis","Fungi,Basidiomycota,Agaricomycetes,Geastrales,Geastraceae,Geastrum,Geastrum_lanuginosum",2
"Puccinia_graminis","Fungi,Ascomycota,Saccharomycetes,Saccharomycetales,Saccharomycetaceae,Nakaseomyces,Nakaseomyces_glabratus",1
"Puccinia_graminis","Fungi,Ascomycota,Saccharomycetes,Saccharomycetales,Trichomonascaceae,Blastobotrys,Blastobotrys_proliferans",1
"Puccinia_striiformis_var_tritici","Fungi,Basidiomycota,Pucciniomycetes,Pucciniales,Pucciniaceae,Puccinia,Puccinia_aizazii",189
"Puccinia_striiformis_var_tritici","Fungi,Basidiomycota,Agaricomycetes,Gomphales,Gomphaceae,Lentaria,Lentaria_variabilis",35
"Puccinia_striiformis_var_tritici","Fungi,Basidiomycota,Agaricomycetes,Cantharellales,Hydnaceae,Clavulina,Clavulina_cinereoglebosa",1
"Puccinia_striiformis_var_tritici","Fungi,Basidiomycota,Agaricomycetes,Cantharellales,Hydnaceae,Clavulina,Clavulina_monodiminutiva",1
"Puccinia_striiformis_var_tritici","Fungi,Basidiomycota,Pucciniomycetes,Pucciniales,Pucciniaceae,Puccinia,Puccinia_oncospora",3
"Puccinia_striiformis_var_tritici","Fungi,Basidiomycota,Pucciniomycetes,Pucciniales,Pucciniaceae,Puccinia,Puccinia_xinyuanensis",3
"Puccinia_striiformis_var_tritici","Fungi,Basidiomycota,Agaricomycetes,Geastrales,Geastraceae,Geastrum,Geastrum_lanuginosum",2
"Puccinia_striiformis_var_tritici","Fungi,Ascomycota,Dothideomycetes,Cladosporiales,Cladosporiaceae,Cladosporium,Cladosporium_oxysporum",1
"Puccinia_triticina","Fungi,Basidiomycota,Pucciniomycetes,Pucciniales,Pucciniaceae,Puccinia,Puccinia_oncospora",53
"Puccinia_triticina","Fungi,Basidiomycota,Agaricomycetes,Corticiales,Corticiaceae,Bryoclavula,Bryoclavula_phycophila",56
"Puccinia_triticina","Fungi,Basidiomycota,Agaricomycetes,Cantharellales,Hydnaceae,Clavulina,Clavulina_monodiminutiva",55
"Puccinia_triticina","Fungi,Basidiomycota,Agaricomycetes,Gomphales,Gomphaceae,Lentaria,Lentaria_variabilis",52
"Puccinia_triticina","Fungi,Basidiomycota,Agaricomycetes,Cantharellales,Hydnaceae,Hydnum,Hydnum_alboluteum",5
"Puccinia_triticina","Fungi,Ascomycota,Saccharomycetes,Saccharomycetales,Debaryomycetaceae,Suhomyces,Suhomyces_vadensis",1
"Puccinia_triticina","Fungi,Basidiomycota,Agaricomycetes,Cantharellales,Hydnaceae,Clavulina,Clavulina_cinereoglebosa",64
"Puccinia_triticina","Fungi,Basidiomycota,Agaricomycetes,Corticiales,Corticiaceae,Sistotrema,Sistotrema_luteoviride",2
"Puccinia_triticina","Fungi,Basidiomycota,Agaricomycetes,Cantharellales,Hydnaceae,Clavulina,Clavulina_pakaraimensis",5
"Puccinia_triticina","Fungi,Basidiomycota,Agaricomycetes,Cantharellales,Hydnaceae,Hydnum,Hydnum_cremeoalbum",1
"Puccinia_triticina","Fungi,Chytridiomycota,Chytridiomycetes,Gromochytriales,Gromochytriaceae,Gromochytrium,Gromochytrium_mamkaevae",1
"Puccinia_triticina","Fungi,Basidiomycota,Pucciniomycetes,Pucciniales,Pucciniaceae,Puccinia,Puccinia_xinyuanensis",5
"Puccinia_triticina","Fungi,Basidiomycota,Agaricomycetes,Cantharellales,Hydnaceae,Hydnum,Hydnum_itachiharitake",3
"Pyrenophora_tritici-repentis","Fungi,Ascomycota,Lecanoromycetes,Ostropales,Stictidaceae,Cyanodermella,Cyanodermella_oleoligni",13
"Pyrenophora_tritici-repentis","Fungi,Ascomycota,Sordariomycetes,Hypocreales,Ophiocordycipitaceae,Hyaloseta,Hyaloseta_nolinae",73
"Pyrenophora_tritici-repentis","Fungi,Ascomycota,Dothideomycetes,Mycosphaerellales,Mycosphaerellaceae,Pseudocercospora,Pseudocercospora_sennae-multijugae",34
"Pyrenophora_tritici-repentis","Fungi,Ascomycota,Dothideomycetes,Mycosphaerellales,Mycosphaerellaceae,Clypeosphaerella,Clypeosphaerella_quasiparkii",45
"Pyrenophora_tritici-repentis","Fungi,Ascomycota,Dothideomycetes,Mycosphaerellales,Mycosphaerellaceae,Ramularia,Ramularia_stellenboschensis",59
"Pyrenophora_tritici-repentis","Fungi,Ascomycota,Dothideomycetes,Pleosporales,Pleosporaceae,Pyrenophora,Pyrenophora_novozelandica",33
"Pyrenophora_tritici-repentis","Fungi,Ascomycota,Dothideomycetes,Mycosphaerellales,Mycosphaerellaceae,Cercospora,Cercospora_corchori",56
"Pyrenophora_tritici-repentis","Fungi,Ascomycota,Dothideomycetes,Pleosporales,Pleosporaceae,Curvularia,Curvularia_beasleyi",4
"Pyrenophora_tritici-repentis","Fungi,Ascomycota,Dothideomycetes,Mycosphaerellales,Teratosphaeriaceae,Salinomyces,Salinomyces_thailandica",7
"Pyrenophora_tritici-repentis","Fungi,Ascomycota,Dothideomycetes,Mycosphaerellales,Mycosphaerellaceae,Sphaerulina,Sphaerulina_rhododendricola",1
"Pyrenophora_tritici-repentis","Fungi,Ascomycota,Leotiomycetes,Chaetomellales,Chaetomellaceae,Chaetomella,Chaetomella_zambiensis",2
"Pyrenophora_tritici-repentis","Fungi,Ascomycota,Dothideomycetes,Venturiales,Sympoventuriaceae,Verruconis,Verruconis_thailandica",19
"Pyrenophora_tritici-repentis","Fungi,Ascomycota,Dothideomycetes,Pleosporales,Pleosporaceae,Curvularia,Curvularia_americana",1
"Pyrenophora_tritici-repentis","Fungi,Ascomycota,Dothideomycetes,Pleosporales,Pleosporaceae,Pyrenophora,Pyrenophora_cynosuri",8
"Pyrenophora_tritici-repentis","Fungi,Ascomycota,Dothideomycetes,Pleosporales,Didymosphaeriaceae,Deniquelata,Deniquelata_macphersoniae",6
"Pyrenophora_tritici-repentis","Fungi,Ascomycota,Eurotiomycetes,Eurotiales,Aspergillaceae,Monascus,Monascus_lunisporas",2
"Pyrenophora_tritici-repentis","Fungi,Ascomycota,Eurotiomycetes,Eurotiales,Trichocomaceae,Talaromyces,Talaromyces_coalescens",2
"Pyrenophora_tritici-repentis","Fungi,Ascomycota,Dothideomycetes,Mycosphaerellales,Mycosphaerellaceae,Pseudocercospora,Pseudocercospora_nephrolepidicola",1
"Pyrenophora_tritici-repentis","Fungi,Basidiomycota,Pucciniomycetes,Pucciniales,Pucciniaceae,Puccinia,Puccinia_oncospora",1
"Pyrenophora_tritici-repentis","Fungi,Ascomycota,Sordariomycetes,Hypocreales,Hypocreaceae,Sepedonium,Sepedonium_laevigatum",1
"Pyrenophora_tritici-repentis","Fungi,Ascomycota,Dothideomycetes,Mycosphaerellales,Mycosphaerellaceae,Ramularia,Ramularia_glennii",1
"Pyrenophora_tritici-repentis","Fungi,Ascomycota,Saccharomycetes,Saccharomycetales,Debaryomycetaceae,Suhomyces,Suhomyces_vadensis",1
"Pyrenophora_tritici-repentis","Fungi,Ascomycota,Dothideomycetes,Botryosphaeriales,Botryosphaeriaceae,Diplodia,Diplodia_seriata",1
"Pyrenophora_tritici-repentis","Fungi,Ascomycota,Dothideomycetes,Mycosphaerellales,Mycosphaerellaceae,Ramularia,Ramularia_hydrangeae-macrophyllae",1
"Pyrenophora_tritici-repentis","Fungi,Ascomycota,Dothideomycetes,Mycosphaerellales,Mycosphaerellaceae,Cercosporidium,Cercosporidium_californicum",1
"Pyrenophora_tritici-repentis","Fungi,Ascomycota,Dothideomycetes,Mycosphaerellales,Teratosphaeriaceae,Teratosphaeria,Teratosphaeria_fibrillosa",1
"Pyrenophora_tritici-repentis","Fungi,Ascomycota,Saccharomycetes,Saccharomycetales,Metschnikowiaceae,NA,[Candida]_pseudointermedia",1
"Pyrenophora_tritici-repentis","Fungi,Ascomycota,Sordariomycetes,Hypocreales,Hypocreaceae,Sepedonium,Sepedonium_ampullosporum",1
"Quambalaria_cyanescens_CCL055","Fungi,Basidiomycota,Agaricomycetes,Gomphales,Gomphaceae,Lentaria,Lentaria_variabilis",70
"Quambalaria_cyanescens_CCL055","Fungi,Chytridiomycota,Neocallimastigomycetes,Neocallimastigales,Neocallimastigaceae,Feramyces,Feramyces_austinii",77
"Quambalaria_cyanescens_CCL055","Fungi,Basidiomycota,Agaricomycetes,Cantharellales,Hydnaceae,Hydnum,Hydnum_reginae",53
"Quambalaria_cyanescens_CCL055","Fungi,Mucoromycota,Glomeromycetes,Diversisporales,Gigasporaceae,Dentiscutata,Dentiscutata_savannicola",1
"Quambalaria_cyanescens_CCL055","Fungi,Basidiomycota,Exobasidiomycetes,Microstromatales,Quambalariaceae,Quambalaria,Quambalaria_simpsonii",57
"Quambalaria_cyanescens_CCL055","Fungi,Basidiomycota,Agaricomycetes,Gomphales,Gomphaceae,Clavariadelphus,Clavariadelphus_griseoglaucus",4
"Quambalaria_cyanescens_CCL055","Fungi,Basidiomycota,Agaricomycetes,Geastrales,Geastraceae,Geastrum,Geastrum_caatingense",5
"Quambalaria_cyanescens_CCL055","Fungi,Basidiomycota,Pucciniomycetes,Pucciniales,Milesinaceae,Milesina,Milesina_woodwardiana",4
"Quambalaria_cyanescens_CCL055","Fungi,Basidiomycota,Exobasidiomycetes,Microstromatales,Quambalariaceae,Quambalaria,Quambalaria_cyanescens",3
"Quambalaria_cyanescens_CCL055","Fungi,Ascomycota,Saccharomycetes,Saccharomycetales,Dipodascaceae,Magnusiomyces,Magnusiomyces_capitatus",1
"Rhodotorula_mucilaginosa","Fungi,Basidiomycota,Microbotryomycetes,Sporidiobolales,Sporidiobolaceae,Rhodotorula,Rhodotorula_mucilaginosa",400
"Rhodotorula_mucilaginosa","Fungi,Basidiomycota,Tremellomycetes,Tremellales,Bulleribasidiaceae,Hannaella,Hannaella_surugaensis",16
"Rhodotorula_mucilaginosa","Fungi,Basidiomycota,Agaricomycetes,Agaricales,Omphalotaceae,Gymnopus,Gymnopus_subdensilamellatus",10
"Rhodotorula_mucilaginosa","Fungi,Basidiomycota,Tremellomycetes,Tremellales,Bulleribasidiaceae,Hannaella,Hannaella_pagnoccae",12
"Rhodotorula_mucilaginosa","Fungi,Basidiomycota,Agaricomycetes,Boletales,Boletaceae,Butyriboletus,Butyriboletus_roseogriseus",33
"Rhodotorula_mucilaginosa","Fungi,Basidiomycota,Tremellomycetes,Tremellales,Bulleribasidiaceae,Derxomyces,Derxomyces_cylindricus",12
"Rhodotorula_mucilaginosa","Fungi,Basidiomycota,Agaricomycetes,Gomphales,Gomphaceae,Lentaria,Lentaria_variabilis",28
"Rhodotorula_mucilaginosa","Fungi,Basidiomycota,Tremellomycetes,Tremellales,Bulleribasidiaceae,Derxomyces,Derxomyces_bambusicola",10
"Rhodotorula_mucilaginosa","Fungi,Basidiomycota,Agaricomycetes,Cantharellales,Hydnaceae,Hydnum,Hydnum_reginae",27
"Rhodotorula_mucilaginosa","Fungi,Basidiomycota,Microbotryomycetes,Sporidiobolales,Sporidiobolaceae,Sporobolomyces,Sporobolomyces_japonicus",4
"Rhodotorula_mucilaginosa","Fungi,Basidiomycota,Agaricomycetes,Agaricales,Pluteaceae,Volvariella,Volvariella_ptilotricha",22
"Rhodotorula_mucilaginosa","Fungi,Basidiomycota,Microbotryomycetes,Sporidiobolales,Sporidiobolaceae,Rhodotorula,Rhodotorula_mackellarae",8
"Rhodotorula_mucilaginosa","Fungi,Basidiomycota,Tremellomycetes,Tremellales,Tremellaceae,Tremella,Tremella_flava",1
"Rhodotorula_mucilaginosa","Fungi,Basidiomycota,Microbotryomycetes,Sporidiobolales,Sporidiobolaceae,Rhodotorula,Rhodotorula_alborubescens",9
"Rhodotorula_mucilaginosa","Fungi,Basidiomycota,Tremellomycetes,Tremellales,Bulleribasidiaceae,Bulleribasidium,Bulleribasidium_setariae",1
"Rhodotorula_mucilaginosa","Fungi,Basidiomycota,Tremellomycetes,Tremellales,Bulleribasidiaceae,Bulleribasidium,Bulleribasidium_sanyaense",2
"Rhodotorula_mucilaginosa","Fungi,Basidiomycota,Tremellomycetes,Tremellales,Bulleribasidiaceae,Derxomyces,Derxomyces_linzhiensis",1
"Rhodotorula_mucilaginosa","Fungi,Basidiomycota,Agaricomycetes,Agaricales,Omphalotaceae,Gymnopus,Gymnopus_changbaiensis",1
"Rhodotorula_mucilaginosa","Fungi,Basidiomycota,Microbotryomycetes,Sporidiobolales,Sporidiobolaceae,Sporobolomyces,Sporobolomyces_jilinensis",1
"Rhodotorula_mucilaginosa","Fungi,Ascomycota,Leotiomycetes,Helotiales,Sclerotiniaceae,Botryotinia,Botryotinia_ranunculi",1
"Rhodotorula_mucilaginosa","Fungi,Basidiomycota,Agaricomycetes,Thelephorales,Thelephoraceae,Tomentella,Tomentella_longiechinula",1
"Scedosporium_aurantiacum","Fungi,Ascomycota,Sordariomycetes,Microascales,Microascaceae,Scedosporium,Scedosporium_aurantiacum",65
"Scedosporium_aurantiacum","Fungi,Ascomycota,Sordariomycetes,NA,NA,Triadelphia,Triadelphia_heterospora",59
"Scedosporium_aurantiacum","Fungi,Ascomycota,Sordariomycetes,NA,NA,Triadelphia,Triadelphia_pulvinata",59
"Scedosporium_aurantiacum","Fungi,Ascomycota,Dothideomycetes,Pleosporales,Leptosphaeriaceae,Plenodomus,Plenodomus_lingam",1
"Scedosporium_aurantiacum","Fungi,Ascomycota,Sordariomycetes,Hypocreales,Nectriaceae,Thyronectria,Thyronectria_caudata",9
"Scedosporium_aurantiacum","Fungi,Ascomycota,Saccharomycetes,Saccharomycetales,Dipodascaceae,Dipodascus,Dipodascus_fermentans",1
"Scedosporium_aurantiacum","Fungi,Ascomycota,Lecanoromycetes,Ostropales,Stictidaceae,Cyanodermella,Cyanodermella_oleoligni",1
"Scedosporium_aurantiacum","Fungi,Ascomycota,Dothideomycetes,Pleosporales,Pleosporaceae,Curvularia,Curvularia_beasleyi",1
"Scedosporium_aurantiacum","Fungi,Ascomycota,Dothideomycetes,Pleosporales,Pleosporaceae,Bipolaris,Bipolaris_simmondsii",2
"Scedosporium_aurantiacum","Fungi,Ascomycota,Dothideomycetes,Mycosphaerellales,Mycosphaerellaceae,Pseudocercospora,Pseudocercospora_sennae-multijugae",1
"Scedosporium_boydii","Fungi,Ascomycota,Sordariomycetes,Microascales,Microascaceae,Pseudallescheria,Pseudallescheria_ellipsoidea",218
"Scedosporium_boydii","Fungi,Ascomycota,Sordariomycetes,Hypocreales,Nectriaceae,Thyronectria,Thyronectria_caudata",15
"Scedosporium_boydii","Fungi,Ascomycota,Leotiomycetes,Chaetomellales,Chaetomellaceae,Chaetomella,Chaetomella_zambiensis",5
"Scedosporium_boydii","Fungi,Ascomycota,Dothideomycetes,Pleosporales,Pleosporaceae,Bipolaris,Bipolaris_simmondsii",11
"Scedosporium_boydii","Fungi,Ascomycota,Sordariomycetes,Hypocreales,Ophiocordycipitaceae,Hyaloseta,Hyaloseta_nolinae",2
"Scedosporium_boydii","Fungi,Ascomycota,Sordariomycetes,Sordariales,Chaetomiaceae,Chaetomidium,Chaetomidium_leptoderma",1
"Scedosporium_boydii","Fungi,Ascomycota,Saccharomycetes,Saccharomycetales,Dipodascaceae,Dipodascus,Dipodascus_fermentans",1
"Scedosporium_boydii","Fungi,Ascomycota,Dothideomycetes,Pleosporales,Pleosporaceae,Curvularia,Curvularia_beasleyi",6
"Scedosporium_boydii","Fungi,Ascomycota,Saccharomycetes,Saccharomycetales,Debaryomycetaceae,Suhomyces,Suhomyces_vadensis",1
"Scedosporium_boydii","Fungi,Ascomycota,Sordariomycetes,Hypocreales,Nectriaceae,Paracremonium,Paracremonium_contagium",1
"Scedosporium_boydii","Fungi,Ascomycota,Dothideomycetes,Venturiales,Sympoventuriaceae,Verruconis,Verruconis_thailandica",2
"Scedosporium_boydii","Fungi,Ascomycota,Sordariomycetes,Microascales,Microascaceae,Pseudallescheria,Pseudallescheria_angusta",1
"Scedosporium_boydii","Fungi,Ascomycota,Eurotiomycetes,Eurotiales,Trichocomaceae,Talaromyces,Talaromyces_coalescens",2
"Scedosporium_boydii","Fungi,Ascomycota,Eurotiomycetes,Chaetothyriales,Herpotrichiellaceae,Digitopodium,Digitopodium_tectonae",1
"Sclerotinia_sclerotiorum","Fungi,Ascomycota,Dothideomycetes,Pleosporales,Pleosporaceae,Curvularia,Curvularia_beasleyi",535
"Sclerotinia_sclerotiorum","Fungi,Ascomycota,Leotiomycetes,Helotiales,Sclerotiniaceae,Botryotinia,Botryotinia_ranunculi",168
"Sclerotinia_sclerotiorum","Fungi,Basidiomycota,Agaricomycetes,Russulales,Russulaceae,Lactarius,Lactarius_horakii",1
"Sclerotinia_sclerotiorum","Fungi,Ascomycota,Saccharomycetes,Saccharomycetales,Debaryomycetaceae,Candida,Candida_parapsilosis",1
"Sclerotinia_sclerotiorum","Fungi,Basidiomycota,Agaricomycetes,Russulales,Lachnocladiaceae,Scytinostroma,Scytinostroma_alutum",2
"Sclerotinia_sclerotiorum","Fungi,Ascomycota,Dothideomycetes,Pleosporales,Pleosporaceae,Bipolaris,Bipolaris_simmondsii",1
"Sclerotinia_sclerotiorum","Fungi,Ascomycota,Eurotiomycetes,Eurotiales,Aspergillaceae,Aspergillus,Aspergillus_insolitus",2
"Sclerotinia_sclerotiorum","Fungi,Ascomycota,Saccharomycetes,Saccharomycetales,Debaryomycetaceae,Candida,Candida_dubliniensis",1
"Sclerotinia_sclerotiorum","Fungi,Ascomycota,Saccharomycetes,Saccharomycetales,Debaryomycetaceae,Kurtzmaniella,[Candida]_boleticola",1
"Sclerotinia_sclerotiorum","Fungi,Ascomycota,Saccharomycetes,Saccharomycetales,Metschnikowiaceae,NA,[Candida]_pseudointermedia",1
"Sclerotinia_sclerotiorum","Fungi,Basidiomycota,Ustilaginomycetes,Urocystidales,Floromycetaceae,Antherospora,Antherospora_tractemae",1
"Sclerotinia_sclerotiorum","Fungi,Ascomycota,Saccharomycetes,Saccharomycetales,Debaryomycetaceae,Diutina,Diutina_catenulata",1
"Sporisorium_scitamineum","Fungi,Basidiomycota,Ustilaginomycetes,Ustilaginales,Ustilaginaceae,Pseudozyma,Pseudozyma_pruni",195
"Sporisorium_scitamineum","Fungi,Basidiomycota,Ustilaginomycetes,Ustilaginales,Ustilaginaceae,Sporisorium,Sporisorium_graminicola",17
"Sporisorium_scitamineum","Fungi,Ascomycota,Eurotiomycetes,Eurotiales,Trichocomaceae,Talaromyces,Talaromyces_pseudofuniculosus",1
"Sporisorium_scitamineum","Fungi,Ascomycota,Eurotiomycetes,Chaetothyriales,Herpotrichiellaceae,Exophiala,Exophiala_salmonis",1
"Sporisorium_scitamineum","Fungi,Basidiomycota,Ustilaginomycetes,Ustilaginales,Ustilaginaceae,Kalmanozyma,Kalmanozyma_fusiformata",2
"Sporisorium_scitamineum","Fungi,Basidiomycota,Agaricomycetes,Geastrales,Geastraceae,Geastrum,Geastrum_caatingense",3
"Sporisorium_scitamineum","Fungi,Ascomycota,Leotiomycetes,Helotiales,Sclerotiniaceae,Botryotinia,Botryotinia_ranunculi",1
"Sporisorium_scitamineum","Fungi,Basidiomycota,Microbotryomycetes,NA,NA,Heitmania,Heitmania_cylindrica",1
"Sporisorium_scitamineum","Fungi,Ascomycota,Saccharomycetes,Saccharomycetales,Dipodascaceae,Magnusiomyces,Magnusiomyces_capitatus",1
"Trichomonascus_ciferrii","Fungi,Ascomycota,Eurotiomycetes,Eurotiales,Trichocomaceae,Talaromyces,Talaromyces_coalescens",178
"Trichomonascus_ciferrii","Fungi,Ascomycota,Saccharomycetes,Saccharomycetales,Debaryomycetaceae,Suhomyces,Suhomyces_vadensis",1
"Trichomonascus_ciferrii","Fungi,Ascomycota,Saccharomycetes,Saccharomycetales,Trichomonascaceae,Blastobotrys,Blastobotrys_persicus",24
"Trichomonascus_ciferrii","Fungi,Ascomycota,Leotiomycetes,Helotiales,Cenangiaceae,Cenangiopsis,Cenangiopsis_livida",7
"Trichomonascus_ciferrii","Fungi,Ascomycota,Eurotiomycetes,Eurotiales,Aspergillaceae,Aspergillus,Aspergillus_insolitus",11
"Trichomonascus_ciferrii","Fungi,Ascomycota,Dothideomycetes,Pleosporales,Phaeosphaeriaceae,Paraphoma,Paraphoma_variabilis",6
"Trichomonascus_ciferrii","Fungi,Ascomycota,Saccharomycetes,Saccharomycetales,Metschnikowiaceae,NA,[Candida]_pseudointermedia",4
"Trichomonascus_ciferrii","Fungi,Ascomycota,Pezizomycetes,Pezizales,Morchellaceae,Morchella,Morchella_australiana",8
"Trichomonascus_ciferrii","Fungi,Ascomycota,Saccharomycetes,Saccharomycetales,Debaryomycetaceae,Teunomyces,Teunomyces_kruisii",1
"Trichomonascus_ciferrii","Fungi,Ascomycota,Dothideomycetes,Venturiales,Sympoventuriaceae,Verruconis,Verruconis_thailandica",1
"Trichomonascus_ciferrii","Fungi,Ascomycota,Saccharomycetes,Saccharomycetales,Metschnikowiaceae,NA,[Candida]_pseudoflosculorum",1
"Trichomonascus_ciferrii","Fungi,Ascomycota,Saccharomycetes,Saccharomycetales,Metschnikowiaceae,NA,[Candida]_oregonensis",1
"Trichosporon_asahii","Fungi,Basidiomycota,Tremellomycetes,Trichosporonales,Trichosporonaceae,Trichosporon,Trichosporon_asahii",279
"Trichosporon_asahii","Fungi,Basidiomycota,Agaricomycetes,Geastrales,Geastraceae,Geastrum,Geastrum_lanuginosum",2
"Trichosporon_asahii","Fungi,Basidiomycota,Agaricomycetes,Geastrales,Geastraceae,Geastrum,Geastrum_caatingense",130
"Trichosporon_asahii","Fungi,Basidiomycota,Agaricomycetes,Gomphales,Gomphaceae,Lentaria,Lentaria_variabilis",31
"Trichosporon_asahii","Fungi,Basidiomycota,Agaricomycetes,Agaricales,Omphalotaceae,Gymnopus,Gymnopus_subdensilamellatus",16
"Trichosporon_asahii","Fungi,Basidiomycota,Agaricomycetes,Cantharellales,Hydnaceae,Hydnum,Hydnum_reginae",1
"Trichosporon_asahii","Fungi,Basidiomycota,Pucciniomycetes,Pucciniales,Milesinaceae,Milesina,Milesina_woodwardiana",4
"Trichosporon_asahii","Fungi,Basidiomycota,Agaricomycetes,Cantharellales,Hydnaceae,Clavulina,Clavulina_cinereoglebosa",13
"Trichosporon_asahii","Fungi,Chytridiomycota,Neocallimastigomycetes,Neocallimastigales,Neocallimastigaceae,Feramyces,Feramyces_austinii",13
"Trichosporon_asahii","Fungi,Basidiomycota,Agaricomycetes,Cantharellales,Hydnaceae,Clavulina,Clavulina_monodiminutiva",3
"Trichosporon_asahii","Fungi,Ascomycota,Eurotiomycetes,Eurotiales,Aspergillaceae,Aspergillus,Aspergillus_insolitus",1
"Trichosporon_asahii","Fungi,Basidiomycota,Agaricomycetes,Russulales,Peniophoraceae,Peniophora,Peniophora_molesta",2
"Trichosporon_asahii","Fungi,Basidiomycota,Agaricomycetes,Corticiales,Corticiaceae,Bryoclavula,Bryoclavula_phycophila",5
"Trichosporon_asahii","Fungi,Ascomycota,Dothideomycetes,Pleosporales,Pleosporaceae,Curvularia,Curvularia_beasleyi",1
"Trichosporon_asahii","Fungi,Basidiomycota,Tremellomycetes,Trichosporonales,Trichosporonaceae,Trichosporon,Trichosporon_faecale",1
"Trichosporon_asahii","Fungi,Basidiomycota,Tremellomycetes,Trichosporonales,Trichosporonaceae,Trichosporon,Trichosporon_insectorum",2
"Trichosporon_asahii","Fungi,Basidiomycota,Agaricomycetes,Gomphales,Gomphaceae,Clavariadelphus,Clavariadelphus_griseoglaucus",1
"Trichosporon_asahii","Fungi,Chytridiomycota,Chytridiomycetes,Gromochytriales,Gromochytriaceae,Gromochytrium,Gromochytrium_mamkaevae",3
"Tuber_brumale","Fungi,Ascomycota,Saccharomycetes,Saccharomycetales,Metschnikowiaceae,NA,[Candida]_pseudointermedia",109
"Tuber_brumale","Fungi,Ascomycota,Saccharomycetes,Saccharomycetales,Metschnikowiaceae,NA,[Candida]_pseudoflosculorum",105
"Tuber_brumale","Fungi,Ascomycota,Pezizomycetes,Pezizales,Tuberaceae,Tuber,Tuber_brumale_var._gorii",49
"Tuber_brumale","Fungi,Ascomycota,Sordariomycetes,Hypocreales,NA,Pseudoacremonium,Pseudoacremonium_sacchari",1
"Tuber_brumale","Fungi,Ascomycota,Eurotiomycetes,Eurotiales,Aspergillaceae,Aspergillus,Aspergillus_insolitus",12
"Tuber_brumale","Fungi,Ascomycota,Orbiliomycetes,Orbiliales,Orbiliaceae,Orbilia,Orbilia_fimbriata",2
"Tuber_brumale","Fungi,Ascomycota,Saccharomycetes,Saccharomycetales,Debaryomycetaceae,Suhomyces,Suhomyces_vadensis",12
"Tuber_brumale","Fungi,Ascomycota,Sordariomycetes,Hypocreales,Nectriaceae,Paracremonium,Paracremonium_contagium",2
"Tuber_brumale","Fungi,Ascomycota,Lecanoromycetes,Lecanorales,Lecanoraceae,Lecanora,Lecanora_lendemeri",2
"Tuber_brumale","Fungi,Ascomycota,Saccharomycetes,Saccharomycetales,Dipodascaceae,Yarrowia,Yarrowia_yakushimensis",3
"Tuber_brumale","Fungi,Ascomycota,Sordariomycetes,Hypocreales,Ophiocordycipitaceae,Hyaloseta,Hyaloseta_nolinae",2
"Tuber_brumale","Fungi,Ascomycota,NA,Thelocarpales,Thelocarpaceae,Carneothele,Carneothele_sphagnicola",3
"Tuber_brumale","Fungi,Ascomycota,Eurotiomycetes,Chaetothyriales,Herpotrichiellaceae,Digitopodium,Digitopodium_tectonae",1
"Tuber_brumale","Fungi,Ascomycota,Sordariomycetes,Ophiostomatales,Ophiostomataceae,Leptographium,Leptographium_olivaceum",1
"Tuber_brumale","Fungi,Ascomycota,Eurotiomycetes,Eurotiales,Trichocomaceae,Talaromyces,Talaromyces_coalescens",3
"Tuber_brumale","Fungi,Ascomycota,Sordariomycetes,Hypocreales,Stachybotryaceae,Stachybotrys,Stachybotrys_limonispora",2
"Tuber_brumale","Fungi,Basidiomycota,Agaricomycetes,Gomphales,Gomphaceae,Lentaria,Lentaria_variabilis",1
"Tuber_brumale","Fungi,Ascomycota,Sordariomycetes,Hypocreales,Stachybotryaceae,Stachybotrys,Stachybotrys_subsylvatica",1
"Tuber_brumale","Fungi,Ascomycota,Saccharomycetes,Saccharomycetales,Debaryomycetaceae,Candida,Candida_dubliniensis",1
"Wickerhamomyces_anomalus","Fungi,Ascomycota,Saccharomycetes,Saccharomycetales,Metschnikowiaceae,NA,[Candida]_pseudoflosculorum",136
"Wickerhamomyces_anomalus","Fungi,Ascomycota,Saccharomycetes,Saccharomycetales,Metschnikowiaceae,NA,[Candida]_pseudointermedia",117
"Wickerhamomyces_anomalus","Fungi,Ascomycota,Saccharomycetes,Saccharomycetales,Phaffomycetaceae,Wickerhamomyces,Wickerhamomyces_anomalus",39
"Wickerhamomyces_anomalus","Fungi,Ascomycota,Sordariomycetes,Hypocreales,Nectriaceae,Paracremonium,Paracremonium_contagium",3
"Wickerhamomyces_anomalus","Fungi,Ascomycota,Saccharomycetes,Saccharomycetales,Debaryomycetaceae,Suhomyces,Suhomyces_vadensis",15
"Wickerhamomyces_anomalus","Fungi,Ascomycota,Sordariomycetes,Hypocreales,Ophiocordycipitaceae,Hyaloseta,Hyaloseta_nolinae",5
"Wickerhamomyces_anomalus","Fungi,Ascomycota,Sordariomycetes,Hypocreales,NA,Pseudoacremonium,Pseudoacremonium_sacchari",1
"Wickerhamomyces_anomalus","Fungi,Ascomycota,Eurotiomycetes,Eurotiales,Aspergillaceae,Aspergillus,Aspergillus_insolitus",1
"Wickerhamomyces_anomalus","Fungi,Ascomycota,Eurotiomycetes,Eurotiales,Trichocomaceae,Rasamsonia,Rasamsonia_piperina",1
"Wickerhamomyces_anomalus","Fungi,Ascomycota,Saccharomycetes,Saccharomycetales,Phaffomycetaceae,Wickerhamomyces,[Pichia]_myanmarensis",2
"Wickerhamomyces_anomalus","Fungi,Ascomycota,Eurotiomycetes,Eurotiales,Trichocomaceae,Rasamsonia,Rasamsonia_byssochlamydoides",1
"Wickerhamomyces_anomalus","Fungi,Ascomycota,Sordariomycetes,Hypocreales,Stachybotryaceae,Memnoniella,Memnoniella_putrefolia",2
"Wickerhamomyces_anomalus","Fungi,Ascomycota,Lecanoromycetes,Pertusariales,Megasporaceae,Lobothallia,Lobothallia_brachyloba",1
"Wickerhamomyces_anomalus","Fungi,Ascomycota,Saccharomycetes,Saccharomycetales,Phaffomycetaceae,Phaffomyces,[Candida]_orba",1
"Wickerhamomyces_anomalus","Fungi,Ascomycota,Dothideomycetes,Pleosporales,Pleosporaceae,Curvularia,Curvularia_beasleyi",1
"Wickerhamomyces_anomalus","Fungi,Ascomycota,Eurotiomycetes,Eurotiales,Trichocomaceae,Rasamsonia,Rasamsonia_brevistipitata",2
"Wickerhamomyces_anomalus","Fungi,Ascomycota,Saccharomycetes,Saccharomycetales,Pichiaceae,Martiniozyma,Martiniozyma_abietophila",1
"Wickerhamomyces_anomalus","Fungi,Ascomycota,Eurotiomycetes,Chaetothyriales,Herpotrichiellaceae,Digitopodium,Digitopodium_tectonae",1
"Wickerhamomyces_anomalus","Fungi,Ascomycota,Eurotiomycetes,Eurotiales,Trichocomaceae,Rasamsonia,Rasamsonia_cylindrospora",1
"Wickerhamomyces_anomalus","Fungi,Ascomycota,Lecanoromycetes,Lecanorales,Lecanoraceae,Lecanora,Lecanora_lendemeri",1
"Wickerhamomyces_anomalus","Fungi,Ascomycota,Eurotiomycetes,Eurotiales,Aspergillaceae,Penicillium,Penicillium_glaucoroseum",1
"Yamadazyma_mexicana","Fungi,Ascomycota,Saccharomycetes,Saccharomycetales,Debaryomycetaceae,Yamadazyma,Yamadazyma_mexicana",351
"Yamadazyma_mexicana","Fungi,Ascomycota,Saccharomycetes,Saccharomycetales,Debaryomycetaceae,Yamadazyma,[Candida]_trypodendri",4
"Yamadazyma_mexicana","Fungi,Ascomycota,Sordariomycetes,Xylariales,Sporocadaceae,Bartalinia,Bartalinia_robillardoides",32
"Yamadazyma_mexicana","Fungi,Basidiomycota,Ustilaginomycetes,Ustilaginales,Ustilaginaceae,Pseudozyma,Pseudozyma_pruni",1
"Yamadazyma_mexicana","Fungi,Ascomycota,Saccharomycetes,Saccharomycetales,Debaryomycetaceae,Yamadazyma,[Candida]_vrieseae",4
"Yamadazyma_mexicana","Fungi,Ascomycota,Dothideomycetes,Mycosphaerellales,Dissoconiaceae,Dissoconium,Dissoconium_proteae",6
"Yamadazyma_mexicana","Fungi,Ascomycota,Sordariomycetes,Pleurotheciales,Pleurotheciaceae,Phaeoisaria,Phaeoisaria_loranthacearum",2
"Yamadazyma_mexicana","Fungi,Ascomycota,Saccharomycetes,Saccharomycetales,Metschnikowiaceae,NA,[Candida]_pseudointermedia",1
"Yamadazyma_mexicana","Fungi,Basidiomycota,Microbotryomycetes,Sporidiobolales,Sporidiobolaceae,Rhodotorula,Rhodotorula_mucilaginosa",1
"Yamadazyma_mexicana","Fungi,Basidiomycota,Tremellomycetes,Tremellales,Cuniculitremaceae,Kockovaella,Kockovaella_haikouensis",1
"Yamadazyma_mexicana","Fungi,Ascomycota,Dothideomycetes,Trypetheliales,Trypetheliaceae,Astrothelium,Astrothelium_isidiatum",1
"Yamadazyma_scolyti","Fungi,Ascomycota,Saccharomycetes,Saccharomycetales,Debaryomycetaceae,Yamadazyma,Yamadazyma_scolyti",225
"Yamadazyma_scolyti","Fungi,Ascomycota,Sordariomycetes,Xylariales,Sporocadaceae,Bartalinia,Bartalinia_robillardoides",104
"Yamadazyma_scolyti","Fungi,Basidiomycota,Tremellomycetes,Tremellales,Cuniculitremaceae,Kockovaella,Kockovaella_ischaemi",1
"Yamadazyma_scolyti","Fungi,Ascomycota,Dothideomycetes,Mycosphaerellales,Dissoconiaceae,Dissoconium,Dissoconium_proteae",5
"Yamadazyma_scolyti","Fungi,Ascomycota,Dothideomycetes,Venturiales,Sympoventuriaceae,Verruconis,Verruconis_thailandica",4
"Yamadazyma_scolyti","Fungi,Ascomycota,Dothideomycetes,Trypetheliales,Trypetheliaceae,Astrothelium,Astrothelium_chulumanense",1
"Yamadazyma_scolyti","Fungi,Ascomycota,Saccharomycetes,Saccharomycetales,Debaryomycetaceae,Yamadazyma,[Candida]_trypodendri",2
"Yamadazyma_scolyti","Fungi,Ascomycota,Lecanoromycetes,Pertusariales,Megasporaceae,Lobothallia,Lobothallia_brachyloba",2
"Yamadazyma_scolyti","Fungi,Basidiomycota,Agaricomycetes,Gomphales,Gomphaceae,Lentaria,Lentaria_variabilis",1
"Yamadazyma_scolyti","Fungi,Ascomycota,Dothideomycetes,Mycosphaerellales,Mycosphaerellaceae,Pseudocercospora,Pseudocercospora_sennae-multijugae",1
"Yamadazyma_scolyti","Fungi,Ascomycota,Sordariomycetes,Pleurotheciales,Pleurotheciaceae,Phaeoisaria,Phaeoisaria_loranthacearum",2
"Yamadazyma_scolyti","Fungi,Ascomycota,Dothideomycetes,Pleosporales,Leptosphaeriaceae,Plenodomus,Plenodomus_lingam",1
"Yarrowia_lipolytica","Fungi,Ascomycota,Saccharomycetes,Saccharomycetales,Dipodascaceae,Yarrowia,Yarrowia_lipolytica",310
"Yarrowia_lipolytica","Fungi,Ascomycota,Saccharomycetes,Saccharomycetales,Metschnikowiaceae,NA,[Candida]_pseudointermedia",13
"Yarrowia_lipolytica","Fungi,Ascomycota,Saccharomycetes,Saccharomycetales,Debaryomycetaceae,Suhomyces,Suhomyces_vadensis",10
"Yarrowia_lipolytica","Fungi,Ascomycota,Sordariomycetes,Hypocreales,NA,Pseudoacremonium,Pseudoacremonium_sacchari",1
"Yarrowia_lipolytica","Fungi,Ascomycota,Saccharomycetes,Saccharomycetales,Metschnikowiaceae,NA,[Candida]_pseudoflosculorum",10
"Yarrowia_lipolytica","Fungi,Ascomycota,Eurotiomycetes,Eurotiales,Trichocomaceae,Rasamsonia,Rasamsonia_cylindrospora",1
"Yarrowia_lipolytica","Fungi,Ascomycota,Sordariomycetes,Hypocreales,Stachybotryaceae,Stachybotrys,Stachybotrys_subsylvatica",1
"Zymoseptoria_tritici","Fungi,Ascomycota,Dothideomycetes,Mycosphaerellales,Mycosphaerellaceae,Pseudocercospora,Pseudocercospora_sennae-multijugae",3
"Zymoseptoria_tritici","Fungi,Ascomycota,Dothideomycetes,Venturiales,Sympoventuriaceae,Verruconis,Verruconis_thailandica",119
"Zymoseptoria_tritici","Fungi,Ascomycota,Dothideomycetes,Mycosphaerellales,Mycosphaerellaceae,Zymoseptoria,Zymoseptoria_tritici",51
"Zymoseptoria_tritici","Fungi,Ascomycota,Dothideomycetes,Mycosphaerellales,Mycosphaerellaceae,Virosphaerella,Virosphaerella_irregularis",2
"Zymoseptoria_tritici","Fungi,Ascomycota,Lecanoromycetes,Ostropales,Stictidaceae,Cyanodermella,Cyanodermella_oleoligni",20
"Zymoseptoria_tritici","Fungi,Ascomycota,Dothideomycetes,Pleosporales,Phaeosphaeriaceae,Setophoma,Setophoma_vernoniae",1
"Zymoseptoria_tritici","Fungi,Ascomycota,Sordariomycetes,Hypocreales,Nectriaceae,Paracremonium,Paracremonium_inflatum",2
"Zymoseptoria_tritici","Fungi,Ascomycota,Saccharomycetes,Saccharomycetales,Debaryomycetaceae,Candida,Candida_orthopsilosis",1
"Zymoseptoria_tritici","Fungi,Ascomycota,Sordariomycetes,Sordariales,Chaetomiaceae,Dichotomopilus,Dichotomopilus_subfunicola",2
"Zymoseptoria_tritici","Fungi,Ascomycota,Lecanoromycetes,Lecanorales,Lecanoraceae,Lecanora,Lecanora_lendemeri",1
"Zymoseptoria_tritici","Fungi,Ascomycota,Eurotiomycetes,Eurotiales,Aspergillaceae,Penicillium,Penicillium_cerradense",1
"Zymoseptoria_tritici","Fungi,Ascomycota,Saccharomycetes,Saccharomycetales,Metschnikowiaceae,NA,[Candida]_pseudointermedia",1
"Zymoseptoria_tritici","Fungi,Ascomycota,Saccharomycetes,Saccharomycetales,Trichomonascaceae,Blastobotrys,Blastobotrys_proliferans",1
"Zymoseptoria_tritici","Fungi,Ascomycota,Sordariomycetes,Hypocreales,NA,Pseudoacremonium,Pseudoacremonium_sacchari",1
"Zymoseptoria_tritici","Fungi,Ascomycota,Saccharomycetes,Saccharomycetales,Debaryomycetaceae,Yamadazyma,Yamadazyma_mexicana",1
"Zymoseptoria_tritici","Fungi,Ascomycota,Dothideomycetes,Pleosporales,Pleosporaceae,Bipolaris,Bipolaris_simmondsii",1
"Zymoseptoria_tritici","Fungi,Ascomycota,Dothideomycetes,Pleosporales,Pleosporaceae,Curvularia,Curvularia_beasleyi",1
