MockSpecies,Mock,MinimumSeqQuality,Classifier,Database,F1_Score,Recall,Precision
Aspergillus_flavus,Mock3,Qmin15,minimap2,NCBI_NoCd,0,0,0
Aspergillus_fumigatus,Mock3,Qmin15,minimap2,NCBI_NoCd,0.008026756,0.00402955,1
Blastobotrys_adeninivorans,Mock3,Qmin15,minimap2,NCBI_NoCd,0.96990781,0.945405222,0.995714286
Blastobotrys_proliferans,Mock3,Qmin15,minimap2,NCBI_NoCd,0.407017544,0.255694342,0.99713467
Candida_boleticola,Mock3,Qmin15,minimap2,NCBI_NoCd,0.966292135,0.937252312,0.997189037
Candida_caryicola,Mock3,Qmin15,minimap2,NCBI_NoCd,0.374331551,0.230452675,0.996441281
Candida_catenulata,Mock3,Qmin15,minimap2,NCBI_NoCd,0.277602524,0.161290323,0.995475113
Candida_dubliniensis,Mock3,Qmin15,minimap2,NCBI_NoCd,0,0,0
Candida_glabrata,Mock3,Qmin15,minimap2,NCBI_NoCd,0.390085331,0.243531202,0.979591837
Candida_metapsilosis,Mock3,Qmin15,minimap2,NCBI_NoCd,0,0,0
Candida_parapsilosis,Mock3,Qmin15,minimap2,NCBI_NoCd,0.929760226,0.871496563,0.99637243
Candida_tropicalis,Mock3,Qmin15,minimap2,NCBI_NoCd,0.844839371,0.735714286,0.991974318
Candida_zeylanoides,Mock3,Qmin15,minimap2,NCBI_NoCd,0.397236615,0.24838013,0.99137931
Cryptococcus_gattii_VGI,Mock3,Qmin15,minimap2,NCBI_NoCd,0,0,0
Cryptococcus_neoformans_VNIII,Mock3,Qmin15,minimap2,NCBI_NoCd,0.003430532,0.001718213,1
Diplodia_seriata,Mock3,Qmin15,minimap2,NCBI_NoCd,0.922585494,0.856594557,0.999592834
Fusarium_pseudograminearum,Mock3,Qmin15,minimap2,NCBI_NoCd,0.193811075,0.107303877,1
Kluyveromyces_lactis,Mock3,Qmin15,minimap2,NCBI_NoCd,0,0,0
Kluyveromyces_marxianus,Mock3,Qmin15,minimap2,NCBI_NoCd,0.681508643,0.518740032,0.993129771
Kodamaea_ohmeri,Mock3,Qmin15,minimap2,NCBI_NoCd,0.355162242,0.216157989,0.995041322
Leptosphaeria_maculans,Mock3,Qmin15,minimap2,NCBI_NoCd,0.948254252,0.902522154,0.998868352
Penicillium_chrysogenum,Mock3,Qmin15,minimap2,NCBI_NoCd,0.000878349,0.000439367,1
Pichia_kudriavzevii,Mock3,Qmin15,minimap2,NCBI_NoCd,0.966685278,0.958656331,0.97484985
Pichia_membranifaciens,Mock3,Qmin15,minimap2,NCBI_NoCd,0.805963604,0.675735294,0.998370451
Quambalaria_cyanescens,Mock3,Qmin15,minimap2,NCBI_NoCd,0.035669847,0.018158784,1
Rhodotorula_mucilaginosa,Mock3,Qmin15,minimap2,NCBI_NoCd,0.765062161,0.620796689,0.996677741
Scedosporium_aurantiacum,Mock3,Qmin15,minimap2,NCBI_NoCd,0.429095355,0.273790952,0.991525424
Trichomonascus_ciferrii,Mock3,Qmin15,minimap2,NCBI_NoCd,0.004110997,0.002059732,1
Trichosporon_asahii,Mock3,Qmin15,minimap2,NCBI_NoCd,0.649134487,0.481006413,0.997952917
Tuber_brumale,Mock3,Qmin15,minimap2,NCBI_NoCd,0.235816815,0.13366912,1
Wickerhamomyces_anomalus,Mock3,Qmin15,minimap2,NCBI_NoCd,0.307387863,0.18174727,0.995726496
Yamadazyma_mexicana,Mock3,Qmin15,minimap2,NCBI_NoCd,0.969820278,0.942649967,0.998603352
Yamadazyma_scolyti,Mock3,Qmin15,minimap2,NCBI_NoCd,0.972231516,0.947814742,0.99793956
Yarrowia_lipolytica,Mock3,Qmin15,minimap2,NCBI_NoCd,0.872741555,0.836596386,0.912151067
Zymoseptoria_tritici,Mock3,Qmin15,minimap2,NCBI_NoCd,0.482318271,0.317799353,1
Aspergillus_flavus,Mock3,Qmin15,kraken2,NCBI_NoCd,0.000966184,0.000483325,1
Aspergillus_fumigatus,Mock3,Qmin15,kraken2,NCBI_NoCd,0.043363995,0.022162525,1
Blastobotrys_adeninivorans,Mock3,Qmin15,kraken2,NCBI_NoCd,0.973656846,0.95252628,0.995746189
Blastobotrys_proliferans,Mock3,Qmin15,kraken2,NCBI_NoCd,0.977578475,0.961058046,0.994676806
Candida_boleticola,Mock3,Qmin15,kraken2,NCBI_NoCd,0.979152656,0.961690885,0.997260274
Candida_caryicola,Mock3,Qmin15,kraken2,NCBI_NoCd,0.966893039,0.93744856,0.998247152
Candida_catenulata,Mock3,Qmin15,kraken2,NCBI_NoCd,0.975317876,0.95601173,0.995419847
Candida_dubliniensis,Mock3,Qmin15,kraken2,NCBI_NoCd,0,0,0
Candida_glabrata,Mock3,Qmin15,kraken2,NCBI_NoCd,0.828520919,0.71334348,0.988053408
Candida_metapsilosis,Mock3,Qmin15,kraken2,NCBI_NoCd,0,0,0
Candida_parapsilosis,Mock3,Qmin15,kraken2,NCBI_NoCd,0.974054054,0.952934955,0.996130459
Candida_tropicalis,Mock3,Qmin15,kraken2,NCBI_NoCd,0.97326853,0.953571429,0.993796526
Candida_zeylanoides,Mock3,Qmin15,kraken2,NCBI_NoCd,0.965058236,0.939524838,0.992018244
Cryptococcus_gattii_VGI,Mock3,Qmin15,kraken2,NCBI_NoCd,0.356603774,0.217241379,0.994736842
Cryptococcus_neoformans_VNIII,Mock3,Qmin15,kraken2,NCBI_NoCd,0.964953271,0.946162658,0.984505364
Diplodia_seriata,Mock3,Qmin15,kraken2,NCBI_NoCd,0.894158473,0.809141661,0.999138302
Fusarium_pseudograminearum,Mock3,Qmin15,kraken2,NCBI_NoCd,0.966961377,0.936880072,0.999038462
Kluyveromyces_lactis,Mock3,Qmin15,kraken2,NCBI_NoCd,0,0,0
Kluyveromyces_marxianus,Mock3,Qmin15,kraken2,NCBI_NoCd,0.976451482,0.958931419,0.994623656
Kodamaea_ohmeri,Mock3,Qmin15,kraken2,NCBI_NoCd,0.972038263,0.948653501,0.996605055
Leptosphaeria_maculans,Mock3,Qmin15,kraken2,NCBI_NoCd,0.970196353,0.943081118,0.998916968
Penicillium_chrysogenum,Mock3,Qmin15,kraken2,NCBI_NoCd,0,0,0
Pichia_kudriavzevii,Mock3,Qmin15,kraken2,NCBI_NoCd,0.966889881,0.959394611,0.974503187
Pichia_membranifaciens,Mock3,Qmin15,kraken2,NCBI_NoCd,0.810397554,0.681985294,0.998385361
Quambalaria_cyanescens,Mock3,Qmin15,kraken2,NCBI_NoCd,0.889304938,0.802364865,0.997375328
Rhodotorula_mucilaginosa,Mock3,Qmin15,kraken2,NCBI_NoCd,0,0,0
Scedosporium_aurantiacum,Mock3,Qmin15,kraken2,NCBI_NoCd,0.948445172,0.904056162,0.997418244
Trichomonascus_ciferrii,Mock3,Qmin15,kraken2,NCBI_NoCd,0.391052196,0.243048404,1
Trichosporon_asahii,Mock3,Qmin15,kraken2,NCBI_NoCd,0.936649215,0.882585101,0.997769102
Tuber_brumale,Mock3,Qmin15,kraken2,NCBI_NoCd,0.846119536,0.734986439,0.996847084
Wickerhamomyces_anomalus,Mock3,Qmin15,kraken2,NCBI_NoCd,0.973253493,0.950858034,0.996729354
Yamadazyma_mexicana,Mock3,Qmin15,kraken2,NCBI_NoCd,0.875647668,0.779828609,0.998312236
Yamadazyma_scolyti,Mock3,Qmin15,kraken2,NCBI_NoCd,0.983454666,0.969341161,0.997985225
Yarrowia_lipolytica,Mock3,Qmin15,kraken2,NCBI_NoCd,0.935283364,0.96310241,0.909026297
Zymoseptoria_tritici,Mock3,Qmin15,kraken2,NCBI_NoCd,0.979201056,0.95987055,0.999326146
Aspergillus_flavus,Mock3,Qmin15,dnabarcoder,NCBI_NoCd,0.047192072,0.024166264,1
Aspergillus_fumigatus,Mock3,Qmin15,dnabarcoder,NCBI_NoCd,0.033025099,0.016789792,1
Blastobotrys_adeninivorans,Mock3,Qmin15,dnabarcoder,NCBI_NoCd,0.971696475,0.948796202,0.995729537
Blastobotrys_proliferans,Mock3,Qmin15,dnabarcoder,NCBI_NoCd,0.976813762,0.959588538,0.994668698
Candida_boleticola,Mock3,Qmin15,dnabarcoder,NCBI_NoCd,0.921436189,0.856010568,0.997690531
Candida_caryicola,Mock3,Qmin15,dnabarcoder,NCBI_NoCd,0.958493795,0.9218107,0.998217469
Candida_catenulata,Mock3,Qmin15,dnabarcoder,NCBI_NoCd,0.973782772,0.953079179,0.995405819
Candida_dubliniensis,Mock3,Qmin15,dnabarcoder,NCBI_NoCd,0,0,0
Candida_glabrata,Mock3,Qmin15,dnabarcoder,NCBI_NoCd,0.828765105,0.71334348,0.988748242
Candida_metapsilosis,Mock3,Qmin15,dnabarcoder,NCBI_NoCd,0,0,0
Candida_parapsilosis,Mock3,Qmin15,dnabarcoder,NCBI_NoCd,0.967355822,0.940243258,0.996078431
Candida_tropicalis,Mock3,Qmin15,dnabarcoder,NCBI_NoCd,0.965094917,0.938095238,0.99369483
Candida_zeylanoides,Mock3,Qmin15,dnabarcoder,NCBI_NoCd,0.97249725,0.954643629,0.99103139
Cryptococcus_gattii_VGI,Mock3,Qmin15,dnabarcoder,NCBI_NoCd,0.47130968,0.309195402,0.990791897
Cryptococcus_neoformans_VNIII,Mock3,Qmin15,dnabarcoder,NCBI_NoCd,0.859359845,0.761168385,0.986636971
Diplodia_seriata,Mock3,Qmin15,dnabarcoder,NCBI_NoCd,0.933035714,0.87508723,0.999203187
Fusarium_pseudograminearum,Mock3,Qmin15,dnabarcoder,NCBI_NoCd,0.965517241,0.934174932,0.99903568
Kluyveromyces_lactis,Mock3,Qmin15,dnabarcoder,NCBI_NoCd,0,0,0
Kluyveromyces_marxianus,Mock3,Qmin15,dnabarcoder,NCBI_NoCd,0.969548334,0.945773525,0.994549266
Kodamaea_ohmeri,Mock3,Qmin15,dnabarcoder,NCBI_NoCd,0.972227331,0.949012567,0.996606335
Leptosphaeria_maculans,Mock3,Qmin15,dnabarcoder,NCBI_NoCd,0.972538044,0.947511929,0.998922027
Penicillium_chrysogenum,Mock3,Qmin15,dnabarcoder,NCBI_NoCd,0,0,0
Pichia_kudriavzevii,Mock3,Qmin15,dnabarcoder,NCBI_NoCd,0.962034786,0.949427833,0.974981046
Pichia_membranifaciens,Mock3,Qmin15,dnabarcoder,NCBI_NoCd,0.796198055,0.662132353,0.998337029
Quambalaria_cyanescens,Mock3,Qmin15,dnabarcoder,NCBI_NoCd,0.900625434,0.820945946,0.997434582
Rhodotorula_mucilaginosa,Mock3,Qmin15,dnabarcoder,NCBI_NoCd,0.868651489,0.769787894,0.996651038
Scedosporium_aurantiacum,Mock3,Qmin15,dnabarcoder,NCBI_NoCd,0.941903585,0.891575663,0.998253275
Trichomonascus_ciferrii,Mock3,Qmin15,dnabarcoder,NCBI_NoCd,0.100733496,0.053038105,1
Trichosporon_asahii,Mock3,Qmin15,dnabarcoder,NCBI_NoCd,0.939979123,0.88850518,0.997783934
Tuber_brumale,Mock3,Qmin15,dnabarcoder,NCBI_NoCd,0.838086683,0.722975591,0.996794872
Wickerhamomyces_anomalus,Mock3,Qmin15,dnabarcoder,NCBI_NoCd,0.962873285,0.930577223,0.997491639
Yamadazyma_mexicana,Mock3,Qmin15,dnabarcoder,NCBI_NoCd,0.976759852,0.955833883,0.99862259
Yamadazyma_scolyti,Mock3,Qmin15,dnabarcoder,NCBI_NoCd,0.977703827,0.958251794,0.997961957
Yarrowia_lipolytica,Mock3,Qmin15,dnabarcoder,NCBI_NoCd,0,0,0
Zymoseptoria_tritici,Mock3,Qmin15,dnabarcoder,NCBI_NoCd,0.962764173,0.928802589,0.999303621
Aspergillus_flavus,Mock3,Qmin15,emu,NCBI_NoCd,0,0,0
Aspergillus_fumigatus,Mock3,Qmin15,emu,NCBI_NoCd,0.042197514,0.021553509,1
Blastobotrys_adeninivorans,Mock3,Qmin15,emu,NCBI_NoCd,0.95191508,0.90824232,1
Blastobotrys_proliferans,Mock3,Qmin15,emu,NCBI_NoCd,0.975523137,0.952215879,1
Candida_boleticola,Mock3,Qmin15,emu,NCBI_NoCd,0.983551527,0.967635403,1
Candida_caryicola,Mock3,Qmin15,emu,NCBI_NoCd,0.931607582,0.871971352,1
Candida_catenulata,Mock3,Qmin15,emu,NCBI_NoCd,0.615868419,0.44494933,1
Candida_dubliniensis,Mock3,Qmin15,emu,NCBI_NoCd,0,0,0
Candida_glabrata,Mock3,Qmin15,emu,NCBI_NoCd,0.644164043,0.475104705,1
Candida_metapsilosis,Mock3,Qmin15,emu,NCBI_NoCd,0,0,0
Candida_parapsilosis,Mock3,Qmin15,emu,NCBI_NoCd,0.982256239,0.966155473,0.998902731
Candida_tropicalis,Mock3,Qmin15,emu,NCBI_NoCd,0.960005811,0.923087668,1
Candida_zeylanoides,Mock3,Qmin15,emu,NCBI_NoCd,0.390485562,0.242610786,1
Cryptococcus_gattii_VGI,Mock3,Qmin15,emu,NCBI_NoCd,0,0,0
Cryptococcus_neoformans_VNIII,Mock3,Qmin15,emu,NCBI_NoCd,0.143747288,0.077439503,1
Diplodia_seriata,Mock3,Qmin15,emu,NCBI_NoCd,0.974318834,0.949923685,1
Fusarium_pseudograminearum,Mock3,Qmin15,emu,NCBI_NoCd,0.975431189,0.952040681,1
Kluyveromyces_lactis,Mock3,Qmin15,emu,NCBI_NoCd,0,0,0
Kluyveromyces_marxianus,Mock3,Qmin15,emu,NCBI_NoCd,0.951122995,0.907162829,0.999560664
Kodamaea_ohmeri,Mock3,Qmin15,emu,NCBI_NoCd,0.979105572,0.959066427,1
Leptosphaeria_maculans,Mock3,Qmin15,emu,NCBI_NoCd,0.978065322,0.957399578,0.9996429
Penicillium_chrysogenum,Mock3,Qmin15,emu,NCBI_NoCd,0,0,0
Pichia_kudriavzevii,Mock3,Qmin15,emu,NCBI_NoCd,0.971019063,0.964562569,0.977562575
Pichia_membranifaciens,Mock3,Qmin15,emu,NCBI_NoCd,0.78888271,0.651367721,1
Quambalaria_cyanescens,Mock3,Qmin15,emu,NCBI_NoCd,0.449498231,0.28990501,1
Rhodotorula_mucilaginosa,Mock3,Qmin15,emu,NCBI_NoCd,0.845838757,0.73324057,0.999292522
Scedosporium_aurantiacum,Mock3,Qmin15,emu,NCBI_NoCd,0.716197863,0.557872466,1
Trichomonascus_ciferrii,Mock3,Qmin15,emu,NCBI_NoCd,0.140591713,0.075610996,1
Trichosporon_asahii,Mock3,Qmin15,emu,NCBI_NoCd,0.826080388,0.703694171,1
Tuber_brumale,Mock3,Qmin15,emu,NCBI_NoCd,0.24727185,0.141078267,1
Wickerhamomyces_anomalus,Mock3,Qmin15,emu,NCBI_NoCd,0.370445138,0.227329037,1
Yamadazyma_mexicana,Mock3,Qmin15,emu,NCBI_NoCd,0.987991995,0.976268952,1
Yamadazyma_scolyti,Mock3,Qmin15,emu,NCBI_NoCd,0.986446281,0.973255055,1
Yarrowia_lipolytica,Mock3,Qmin15,emu,NCBI_NoCd,0.428493731,0.280165527,0.910585637
Zymoseptoria_tritici,Mock3,Qmin15,emu,NCBI_NoCd,0.979728211,0.960261983,1
Aspergillus_flavus,Mock3,Qmin17,minimap2,NCBI_NoCd,0,0,0
Aspergillus_fumigatus,Mock3,Qmin17,minimap2,NCBI_NoCd,0.00669344,0.003357958,1
Blastobotrys_adeninivorans,Mock3,Qmin17,minimap2,NCBI_NoCd,0.975778547,0.956256358,0.996114447
Blastobotrys_proliferans,Mock3,Qmin17,minimap2,NCBI_NoCd,0.380782918,0.235855988,0.987692308
Candida_boleticola,Mock3,Qmin17,minimap2,NCBI_NoCd,0.965306122,0.937252312,0.995091164
Candida_caryicola,Mock3,Qmin17,minimap2,NCBI_NoCd,0.335616438,0.201646091,1
Candida_catenulata,Mock3,Qmin17,minimap2,NCBI_NoCd,0.218015666,0.122434018,0.994047619
Candida_dubliniensis,Mock3,Qmin17,minimap2,NCBI_NoCd,0,0,0
Candida_glabrata,Mock3,Qmin17,minimap2,NCBI_NoCd,0.378800329,0.233891426,0.995680346
Candida_metapsilosis,Mock3,Qmin17,minimap2,NCBI_NoCd,0,0,0
Candida_parapsilosis,Mock3,Qmin17,minimap2,NCBI_NoCd,0.947310039,0.903225806,0.995918367
Candida_tropicalis,Mock3,Qmin17,minimap2,NCBI_NoCd,0.878566689,0.788095238,0.992503748
Candida_zeylanoides,Mock3,Qmin17,minimap2,NCBI_NoCd,0.333333333,0.200863931,0.978947368
Cryptococcus_gattii_VGI,Mock3,Qmin17,minimap2,NCBI_NoCd,0,0,0
Cryptococcus_neoformans_VNIII,Mock3,Qmin17,minimap2,NCBI_NoCd,0.00114482,0.000572738,1
Diplodia_seriata,Mock3,Qmin17,minimap2,NCBI_NoCd,0.9346211,0.877878576,0.999205719
Fusarium_pseudograminearum,Mock3,Qmin17,minimap2,NCBI_NoCd,0.149353358,0.080703336,1
Kluyveromyces_lactis,Mock3,Qmin17,minimap2,NCBI_NoCd,0,0,0
Kluyveromyces_marxianus,Mock3,Qmin17,minimap2,NCBI_NoCd,0.717752235,0.560207337,0.998578536
Kodamaea_ohmeri,Mock3,Qmin17,minimap2,NCBI_NoCd,0.317124736,0.188509874,0.998098859
Leptosphaeria_maculans,Mock3,Qmin17,minimap2,NCBI_NoCd,0.953484227,0.911724608,0.999252895
Penicillium_chrysogenum,Mock3,Qmin17,minimap2,NCBI_NoCd,0.000878349,0.000439367,1
Pichia_kudriavzevii,Mock3,Qmin17,minimap2,NCBI_NoCd,0.963571829,0.952011812,0.975416036
Pichia_membranifaciens,Mock3,Qmin17,minimap2,NCBI_NoCd,0.830253545,0.710294118,0.998965874
Quambalaria_cyanescens,Mock3,Qmin17,minimap2,NCBI_NoCd,0.018410042,0.009290541,1
Rhodotorula_mucilaginosa,Mock3,Qmin17,minimap2,NCBI_NoCd,0.779139177,0.641489912,0.992
Scedosporium_aurantiacum,Mock3,Qmin17,minimap2,NCBI_NoCd,0.389447236,0.241809672,1
Trichomonascus_ciferrii,Mock3,Qmin17,minimap2,NCBI_NoCd,0.006160164,0.003089598,1
Trichosporon_asahii,Mock3,Qmin17,minimap2,NCBI_NoCd,0.679662118,0.516033547,0.995242626
Tuber_brumale,Mock3,Qmin17,minimap2,NCBI_NoCd,0.214310404,0.120108485,0.993589744
Wickerhamomyces_anomalus,Mock3,Qmin17,minimap2,NCBI_NoCd,0.264864865,0.152886115,0.98989899
Yamadazyma_mexicana,Mock3,Qmin17,minimap2,NCBI_NoCd,0.969162996,0.942649967,0.9972106
Yamadazyma_scolyti,Mock3,Qmin17,minimap2,NCBI_NoCd,0.974290484,0.951728637,0.997948016
Yarrowia_lipolytica,Mock3,Qmin17,minimap2,NCBI_NoCd,0.874279123,0.856174699,0.89316575
Zymoseptoria_tritici,Mock3,Qmin17,minimap2,NCBI_NoCd,0.486036257,0.321035599,1
Aspergillus_flavus,Mock3,Qmin17,kraken2,NCBI_NoCd,0.000966184,0.000483325,1
Aspergillus_fumigatus,Mock3,Qmin17,kraken2,NCBI_NoCd,0.038208169,0.019476158,1
Blastobotrys_adeninivorans,Mock3,Qmin17,kraken2,NCBI_NoCd,0.97648686,0.95761275,0.996119929
Blastobotrys_proliferans,Mock3,Qmin17,kraken2,NCBI_NoCd,0.982899628,0.9713446,0.994732882
Candida_boleticola,Mock3,Qmin17,kraken2,NCBI_NoCd,0.981245814,0.967635403,0.995244565
Candida_caryicola,Mock3,Qmin17,kraken2,NCBI_NoCd,0.972198821,0.949794239,0.995685936
Candida_catenulata,Mock3,Qmin17,kraken2,NCBI_NoCd,0.975755315,0.958944282,0.993166287
Candida_dubliniensis,Mock3,Qmin17,kraken2,NCBI_NoCd,0,0,0
Candida_glabrata,Mock3,Qmin17,kraken2,NCBI_NoCd,0.829340432,0.711314054,0.994326241
Candida_metapsilosis,Mock3,Qmin17,kraken2,NCBI_NoCd,0,0,0
Candida_parapsilosis,Mock3,Qmin17,kraken2,NCBI_NoCd,0.97710746,0.959280804,0.995609221
Candida_tropicalis,Mock3,Qmin17,kraken2,NCBI_NoCd,0.971428571,0.951190476,0.992546584
Candida_zeylanoides,Mock3,Qmin17,kraken2,NCBI_NoCd,0.978676873,0.966522678,0.991140642
Cryptococcus_gattii_VGI,Mock3,Qmin17,kraken2,NCBI_NoCd,0.350212967,0.212643678,0.991957105
Cryptococcus_neoformans_VNIII,Mock3,Qmin17,kraken2,NCBI_NoCd,0.969856599,0.949026346,0.991621783
Diplodia_seriata,Mock3,Qmin17,kraken2,NCBI_NoCd,0.901359893,0.821004885,0.999150743
Fusarium_pseudograminearum,Mock3,Qmin17,kraken2,NCBI_NoCd,0.964294049,0.931469793,0.999516207
Kluyveromyces_lactis,Mock3,Qmin17,kraken2,NCBI_NoCd,0,0,0
Kluyveromyces_marxianus,Mock3,Qmin17,kraken2,NCBI_NoCd,0.978688857,0.961323764,0.996692848
Kodamaea_ohmeri,Mock3,Qmin17,kraken2,NCBI_NoCd,0.972217111,0.948653501,0.996981132
Leptosphaeria_maculans,Mock3,Qmin17,kraken2,NCBI_NoCd,0.971088137,0.944444444,0.999278759
Penicillium_chrysogenum,Mock3,Qmin17,kraken2,NCBI_NoCd,0,0,0
Pichia_kudriavzevii,Mock3,Qmin17,kraken2,NCBI_NoCd,0.963419186,0.952750092,0.974329936
Pichia_membranifaciens,Mock3,Qmin17,kraken2,NCBI_NoCd,0.832761578,0.713970588,0.998971193
Quambalaria_cyanescens,Mock3,Qmin17,kraken2,NCBI_NoCd,0.89278206,0.807010135,0.998954522
Rhodotorula_mucilaginosa,Mock3,Qmin17,kraken2,NCBI_NoCd,0,0,0
Scedosporium_aurantiacum,Mock3,Qmin17,kraken2,NCBI_NoCd,0.945768283,0.897815913,0.999131944
Trichomonascus_ciferrii,Mock3,Qmin17,kraken2,NCBI_NoCd,0.340588988,0.20545829,0.995012469
Trichosporon_asahii,Mock3,Qmin17,kraken2,NCBI_NoCd,0.940594059,0.89047854,0.996686913
Tuber_brumale,Mock3,Qmin17,kraken2,NCBI_NoCd,0.854356019,0.746609841,0.998445596
Wickerhamomyces_anomalus,Mock3,Qmin17,kraken2,NCBI_NoCd,0.96877502,0.943837754,0.995065789
Yamadazyma_mexicana,Mock3,Qmin17,kraken2,NCBI_NoCd,0.90021692,0.820698748,0.996797438
Yamadazyma_scolyti,Mock3,Qmin17,kraken2,NCBI_NoCd,0.981094527,0.964774951,0.997975709
Yarrowia_lipolytica,Mock3,Qmin17,kraken2,NCBI_NoCd,0.925081433,0.962349398,0.890592334
Zymoseptoria_tritici,Mock3,Qmin17,kraken2,NCBI_NoCd,0.975157337,0.952750809,0.998643148
Aspergillus_flavus,Mock3,Qmin17,dnabarcoder,NCBI_NoCd,0.037001898,0.018849686,1
Aspergillus_fumigatus,Mock3,Qmin17,dnabarcoder,NCBI_NoCd,0.034323432,0.017461383,1
Blastobotrys_adeninivorans,Mock3,Qmin17,dnabarcoder,NCBI_NoCd,0.972578966,0.950152594,0.996089584
Blastobotrys_proliferans,Mock3,Qmin17,dnabarcoder,NCBI_NoCd,0.982886905,0.970609846,0.995478523
Candida_boleticola,Mock3,Qmin17,dnabarcoder,NCBI_NoCd,0.923566879,0.861955086,0.994664634
Candida_caryicola,Mock3,Qmin17,dnabarcoder,NCBI_NoCd,0.964785745,0.935802469,0.995621716
Candida_catenulata,Mock3,Qmin17,dnabarcoder,NCBI_NoCd,0.974588939,0.95601173,0.993902439
Candida_dubliniensis,Mock3,Qmin17,dnabarcoder,NCBI_NoCd,0,0,0
Candida_glabrata,Mock3,Qmin17,dnabarcoder,NCBI_NoCd,0.827953805,0.709284627,0.9943101
Candida_metapsilosis,Mock3,Qmin17,dnabarcoder,NCBI_NoCd,0,0,0
Candida_parapsilosis,Mock3,Qmin17,dnabarcoder,NCBI_NoCd,0.972124493,0.949762031,0.99556541
Candida_tropicalis,Mock3,Qmin17,dnabarcoder,NCBI_NoCd,0.961325967,0.932142857,0.992395437
Candida_zeylanoides,Mock3,Qmin17,dnabarcoder,NCBI_NoCd,0.980905619,0.970842333,0.991179713
Cryptococcus_gattii_VGI,Mock3,Qmin17,dnabarcoder,NCBI_NoCd,0.47972089,0.316091954,0.994575045
Cryptococcus_neoformans_VNIII,Mock3,Qmin17,dnabarcoder,NCBI_NoCd,0.88642132,0.800114548,0.993598862
Diplodia_seriata,Mock3,Qmin17,dnabarcoder,NCBI_NoCd,0.946943272,0.899860433,0.999225107
Fusarium_pseudograminearum,Mock3,Qmin17,dnabarcoder,NCBI_NoCd,0.964294049,0.931469793,0.999516207
Kluyveromyces_lactis,Mock3,Qmin17,dnabarcoder,NCBI_NoCd,0,0,0
Kluyveromyces_marxianus,Mock3,Qmin17,dnabarcoder,NCBI_NoCd,0.970540098,0.945773525,0.996638655
Kodamaea_ohmeri,Mock3,Qmin17,dnabarcoder,NCBI_NoCd,0.972027972,0.948294434,0.996979992
Leptosphaeria_maculans,Mock3,Qmin17,dnabarcoder,NCBI_NoCd,0.974493361,0.950579414,0.999641577
Penicillium_chrysogenum,Mock3,Qmin17,dnabarcoder,NCBI_NoCd,0,0,0
Pichia_kudriavzevii,Mock3,Qmin17,dnabarcoder,NCBI_NoCd,0.959715196,0.945367294,0.974505327
Pichia_membranifaciens,Mock3,Qmin17,dnabarcoder,NCBI_NoCd,0.818576389,0.693382353,0.998940678
Quambalaria_cyanescens,Mock3,Qmin17,dnabarcoder,NCBI_NoCd,0.91184573,0.838682432,0.998993964
Rhodotorula_mucilaginosa,Mock3,Qmin17,dnabarcoder,NCBI_NoCd,0.887424807,0.801345059,0.994223363
Scedosporium_aurantiacum,Mock3,Qmin17,dnabarcoder,NCBI_NoCd,0.941419142,0.890015601,0.999124343
Trichomonascus_ciferrii,Mock3,Qmin17,dnabarcoder,NCBI_NoCd,0.067661692,0.035015448,1
Trichosporon_asahii,Mock3,Qmin17,dnabarcoder,NCBI_NoCd,0.945812808,0.899851998,0.996721311
Tuber_brumale,Mock3,Qmin17,dnabarcoder,NCBI_NoCd,0.845655573,0.733436652,0.998417722
Wickerhamomyces_anomalus,Mock3,Qmin17,dnabarcoder,NCBI_NoCd,0.960871319,0.929017161,0.994987469
Yamadazyma_mexicana,Mock3,Qmin17,dnabarcoder,NCBI_NoCd,0.97679112,0.957152274,0.997252747
Yamadazyma_scolyti,Mock3,Qmin17,dnabarcoder,NCBI_NoCd,0.977007664,0.956294847,0.998637602
Yarrowia_lipolytica,Mock3,Qmin17,dnabarcoder,NCBI_NoCd,0,0,0
Zymoseptoria_tritici,Mock3,Qmin17,dnabarcoder,NCBI_NoCd,0.959650303,0.923624595,0.99860042
Aspergillus_flavus,Mock3,Qmin17,emu,NCBI_NoCd,0,0,0
Aspergillus_fumigatus,Mock3,Qmin17,emu,NCBI_NoCd,0.038250361,0.019498085,1
Blastobotrys_adeninivorans,Mock3,Qmin17,emu,NCBI_NoCd,0.967053365,0.936208447,1
Blastobotrys_proliferans,Mock3,Qmin17,emu,NCBI_NoCd,0.984871158,0.970193257,1
Candida_boleticola,Mock3,Qmin17,emu,NCBI_NoCd,0.986960514,0.974900925,0.999322195
Candida_caryicola,Mock3,Qmin17,emu,NCBI_NoCd,0.947839364,0.900850433,1
Candida_catenulata,Mock3,Qmin17,emu,NCBI_NoCd,0.596061398,0.424563722,1
Candida_dubliniensis,Mock3,Qmin17,emu,NCBI_NoCd,0,0,0
Candida_glabrata,Mock3,Qmin17,emu,NCBI_NoCd,0.65514113,0.487144892,1
Candida_metapsilosis,Mock3,Qmin17,emu,NCBI_NoCd,0,0,0
Candida_parapsilosis,Mock3,Qmin17,emu,NCBI_NoCd,0.984721709,0.971443681,0.998367744
Candida_tropicalis,Mock3,Qmin17,emu,NCBI_NoCd,0.971543846,0.944662388,1
Candida_zeylanoides,Mock3,Qmin17,emu,NCBI_NoCd,0.368098341,0.225564046,1
Cryptococcus_gattii_VGI,Mock3,Qmin17,emu,NCBI_NoCd,0,0,0
Cryptococcus_neoformans_VNIII,Mock3,Qmin17,emu,NCBI_NoCd,0.081330091,0.042388787,1
Diplodia_seriata,Mock3,Qmin17,emu,NCBI_NoCd,0.978617866,0.958130981,1
Fusarium_pseudograminearum,Mock3,Qmin17,emu,NCBI_NoCd,0.972324931,0.94614043,1
Kluyveromyces_lactis,Mock3,Qmin17,emu,NCBI_NoCd,0,0,0
Kluyveromyces_marxianus,Mock3,Qmin17,emu,NCBI_NoCd,0.961207889,0.925681986,0.99956945
Kodamaea_ohmeri,Mock3,Qmin17,emu,NCBI_NoCd,0.978169143,0.957271095,1
Leptosphaeria_maculans,Mock3,Qmin17,emu,NCBI_NoCd,0.977171088,0.955361231,1
Penicillium_chrysogenum,Mock3,Qmin17,emu,NCBI_NoCd,0,0,0
Pichia_kudriavzevii,Mock3,Qmin17,emu,NCBI_NoCd,0.967150433,0.957179771,0.977331005
Pichia_membranifaciens,Mock3,Qmin17,emu,NCBI_NoCd,0.828642785,0.707421079,1
Quambalaria_cyanescens,Mock3,Qmin17,emu,NCBI_NoCd,0.426497278,0.271049597,1
Rhodotorula_mucilaginosa,Mock3,Qmin17,emu,NCBI_NoCd,0.875006471,0.778995249,0.998011458
Scedosporium_aurantiacum,Mock3,Qmin17,emu,NCBI_NoCd,0.769048649,0.62475958,1
Trichomonascus_ciferrii,Mock3,Qmin17,emu,NCBI_NoCd,0.11710626,0.062194832,1
Trichosporon_asahii,Mock3,Qmin17,emu,NCBI_NoCd,0.855063739,0.746822132,1
Tuber_brumale,Mock3,Qmin17,emu,NCBI_NoCd,0.2265003,0.127713751,1
Wickerhamomyces_anomalus,Mock3,Qmin17,emu,NCBI_NoCd,0.371571809,0.228178197,1
Yamadazyma_mexicana,Mock3,Qmin17,emu,NCBI_NoCd,0.989347537,0.979564931,0.999327505
Yamadazyma_scolyti,Mock3,Qmin17,emu,NCBI_NoCd,0.986789596,0.974559687,0.999330356
Yarrowia_lipolytica,Mock3,Qmin17,emu,NCBI_NoCd,0.380262193,0.239959139,0.915622849
Zymoseptoria_tritici,Mock3,Qmin17,emu,NCBI_NoCd,0.981206726,0.963106796,1