"Aspergillus_flavus","Fungi,Ascomycota,Eurotiomycetes,Eurotiales,Aspergillaceae,Aspergillus_,Aspergillus_flavus",317
"Aspergillus_flavus","Fungi,Ascomycota,Saccharomycetes,Saccharomycetales,Dipodascaceae,Yarrowia_,Yarrowia_lipolytica",6
"Aspergillus_flavus","Fungi,Ascomycota,Eurotiomycetes,Eurotiales,Aspergillaceae,Penicillium,Penicillium_chrysogenum",2
"Aspergillus_flavus","Fungi,Ascomycota,Saccharomycetes,Saccharomycetales,Pichiaeceae,Pichia,Pichia_kudriavzevii",2
"Aspergillus_flavus","Fungi,Ascomycota,Saccharomycetes,Saccharomycetales,Debaryomycetaceae,Suhomyces,Candida_caryicola",1
"Aspergillus_flavus","Fungi,Ascomycota,Sordariomycetes,Xylariales,Diatrypaceae,Cryptovalsa,Cryptovalsa_ampelina",1
"Aspergillus_fumigatus","Fungi,Ascomycota,Eurotiomycetes,Eurotiales,Aspergillaceae,Aspergillus_,Aspergillus_fumigatus",211
"Aspergillus_fumigatus","Fungi,Ascomycota,Eurotiomycetes,Eurotiales,Aspergillaceae,Aspergillus_,Aspergillus_flavus",115
"Aspergillus_fumigatus","Fungi,Ascomycota,Eurotiomycetes,Eurotiales,Aspergillaceae,Penicillium,Penicillium_chrysogenum",18
"Aspergillus_fumigatus","Fungi,Ascomycota,Saccharomycetes,Saccharomycetales,Debaryomycetaceae,Suhomyces,Candida_caryicola",2
"Aspergillus_fumigatus","Fungi,Ascomycota,Saccharomycetes,Saccharomycetales,Debaryomycetaceae,Candida,Candida_metapsilosis",5
"Aspergillus_fumigatus","Fungi,Ascomycota,Saccharomycetes,Saccharomycetales,Debaryomycetaceae,Kurtzmaniella,Candida_boleticola",6
"Aspergillus_fumigatus","Fungi,Ascomycota,Sordariomycetes,Diaporthales,Diaporthaceae,Diaporthe,Diaporthe_sp_CCL067",1
"Aspergillus_fumigatus","Fungi,Ascomycota,Leotiomycetes,Erysiphales,Erysiphaceae,Erysiphe_,Erysiphe_necator",1
"Aspergillus_fumigatus","Fungi,Ascomycota,Saccharomycetes,Saccharomycetales,Phaffomycetaceae,Wickerhamomyces,Wickerhamomyces_anomalus",1
"Aspergillus_fumigatus","Fungi,Ascomycota,Saccharomycetes,Saccharomycetales,Debaryomycetaceae,Kodamaea,Kodamaea_ohmeri",1
"Aspergillus_fumigatus","Fungi,Ascomycota,Saccharomycetes,Saccharomycetales,Saccharomycetales_incertae_sedis,Diutina,Candida_catenulata",1
"Aspergillus_fumigatus","Fungi,Ascomycota,Saccharomycetes,Saccharomycetales,Dipodascaceae,Geotrichum,Geotrichum_candidum",1
"Aspergillus_fumigatus","Fungi,Ascomycota,Dothidiomycetes,Mycosphaerellales,Mycosphaerellaceae,Zymoseptoria,Zymoseptoria_tritici",1
"Asteroma_sp_CCL060","Fungi,Ascomycota,Sordariomycetes,Sordariomycetes_insertae_sedis_,Sordariomycetes_insertae_sedis_,Asteroma,Asteroma_sp_CCL060",395
"Austropuccinia_psidii","Fungi,Basidiomycota,Pucciniomycetes,Pucciniales,Sphaerophragmiaceae,Austropuccinia_,Austropuccinia_psidii",389
"Austropuccinia_psidii","Fungi,Ascomycota,Saccharomycetes,Saccharomycetales,Dipodascaceae,Yarrowia_,Yarrowia_lipolytica",1
"Austropuccinia_psidii","Fungi,Basidiomycota,Ustilaginomyces,Ustilaginales,Ustilaginaceae,Sporisorium,Sporisorium_scitamineum",2
"Austropuccinia_psidii","Fungi,Ascomycota,Sordariomycetes,Microascales,Microascaceae,Scedosporium,Scedosporium_boydii",1
"Austropuccinia_psidii","Fungi,Ascomycota,Saccharomycetes,Saccharomycetales,Debaryomycetaceae,Kurtzmaniella,Candida_boleticola",1
"Blastobotrys_adeninivorans","Fungi,Ascomycota,Saccharomycetes,Saccharomycetales,Trichomonascaceae,Blastobotrys,Blastobotrys_adeninivorans",397
"Blastobotrys_adeninivorans","Fungi,Ascomycota,Saccharomycetes,Saccharomycetales,Dipodascaceae,Yarrowia_,Yarrowia_lipolytica",2
"Blastobotrys_adeninivorans","Fungi,Basidiomycota,Pucciniomycetes,Pucciniales,Sphaerophragmiaceae,Austropuccinia_,Austropuccinia_psidii",1
"Blastobotrys_proliferans","Fungi,Ascomycota,Saccharomycetes,Saccharomycetales,Trichomonascaceae,Blastobotrys,Blastobotrys_proliferans",397
"Blastobotrys_proliferans","Fungi,Ascomycota,Saccharomycetes,Saccharomycetales,Debaryomycetaceae,Kurtzmaniella,Candida_boleticola",2
"Blastobotrys_proliferans","Fungi,Basidiomycota,Tremellomycetes,Trichosporonales,Trichosporonaceae,Trichosporon,Trichosporon_asahii",1
"Botrytis_cinerea","Fungi,Ascomycota,Leotiomycetes,Helotiales,Sclerotiniaceae,Botrytis,Botrytis_cinerea",391
"Botrytis_cinerea","Fungi,Ascomycota,Leotiomycetes,Helotiales,Sclerotiniaceae,Botrytis,Botrytis_fabae",7
"Botrytis_cinerea","Fungi,Ascomycota,Saccharomycetes,Saccharomycetales,Debaryomycetaceae,Candida,Candida_metapsilosis",1
"Botrytis_cinerea","Fungi,Ascomycota,Pezizomycetes,Helotiales,Sclerotiniaceae,Sclerotinia,Sclerotinia_sclerotiorum",1
"Botrytis_fabae","Fungi,Ascomycota,Leotiomycetes,Helotiales,Sclerotiniaceae,Botrytis,Botrytis_fabae",392
"Botrytis_fabae","Fungi,Ascomycota,Leotiomycetes,Helotiales,Sclerotiniaceae,Botrytis,Botrytis_cinerea",3
"Botrytis_fabae","Fungi,Ascomycota,Saccharomycetes,Saccharomycetales,Debaryomycetaceae,Kurtzmaniella,Candida_zeylanoides",1
"Botrytis_fabae","Fungi,Ascomycota,Pezizomycetes,Helotiales,Sclerotiniaceae,Sclerotinia,Sclerotinia_sclerotiorum",1
"Candida_boleticola","Fungi,Ascomycota,Saccharomycetes,Saccharomycetales,Debaryomycetaceae,Kurtzmaniella,Candida_boleticola",375
"Candida_boleticola","Fungi,Ascomycota,Saccharomycetes,Saccharomycetales,Debaryomycetaceae,Kurtzmaniella,Candida_zeylanoides",16
"Candida_boleticola","Fungi,Ascomycota,Saccharomycetes,Saccharomycetales,Debaryomycetaceae,Candida,Candida_parapsilosis",8
"Candida_boleticola","Fungi,Ascomycota,Saccharomycetes,Saccharomycetales,Debaryomycetaceae,Yamadazyma,Yamadazyma_mexicana",1
"Candida_caryicola","Fungi,Ascomycota,Saccharomycetes,Saccharomycetales,Debaryomycetaceae,Suhomyces,Candida_caryicola",395
"Candida_caryicola","Fungi,Ascomycota,Saccharomycetes,Saccharomycetales,Trichomonascaceae,Blastobotrys,Blastobotrys_adeninivorans",1
"Candida_caryicola","Fungi,Ascomycota,Dothidiomycetes,Botryosphaeriales,Botryosphaeriaceae,Diplodia,Diplodia_seriata",1
"Candida_catenulata","Fungi,Ascomycota,Saccharomycetes,Saccharomycetales,Saccharomycetales_incertae_sedis,Diutina,Candida_catenulata",400
"Candida_dubliniensis","Fungi,Ascomycota,Saccharomycetes,Saccharomycetales,Debaryomycetaceae,Candida,Candida_dubliniensis",393
"Candida_dubliniensis","Fungi,Ascomycota,Saccharomycetes,Saccharomycetales,Saccharomycetaceae,Nakaseomyces,Candida_glabrata",3
"Candida_dubliniensis","Fungi,Ascomycota,Saccharomycetes,Saccharomycetales,Saccharomycetaceae,Kluyveromyces,Kluyveromyces_lactis",1
"Candida_glabrata","Fungi,Ascomycota,Saccharomycetes,Saccharomycetales,Saccharomycetaceae,Nakaseomyces,Candida_glabrata",295
"Candida_glabrata","Fungi,Ascomycota,Saccharomycetes,Saccharomycetales,Dipodascaceae,Yarrowia_,Yarrowia_lipolytica",28
"Candida_glabrata","Fungi,Ascomycota,Saccharomycetes,Saccharomycetales,Saccharomycetaceae,Kluyveromyces,Kluyveromyces_lactis",14
"Candida_glabrata","Fungi,Ascomycota,Saccharomycetes,Saccharomycetales,Debaryomycetaceae,Yamadazyma,Yamadazyma_mexicana",9
"Candida_glabrata","Fungi,Basidiomycota,Tremellomycetes,Trichosporonales,Trichosporonaceae,Trichosporon,Trichosporon_asahii",11
"Candida_glabrata","Fungi,Ascomycota,Saccharomycetes,Saccharomycetales,Debaryomycetaceae,Suhomyces,Candida_caryicola",12
"Candida_glabrata","Fungi,Ascomycota,Saccharomycetes,Saccharomycetales,Pichiaeceae,Pichia,Pichia_kudriavzevii",18
"Candida_glabrata","Fungi,Ascomycota,Saccharomycetes,Saccharomycetales,Debaryomycetaceae,Candida,Candida_dubliniensis",1
"Candida_glabrata","Fungi,Ascomycota,Saccharomycetes,Saccharomycetales,Dipodascaceae,Geotrichum,Geotrichum_candidum",1
"Candida_glabrata","Fungi,Ascomycota,Saccharomycetes,Saccharomycetales,Debaryomycetaceae,Kurtzmaniella,Candida_zeylanoides",2
"Candida_glabrata","Fungi,Ascomycota,Saccharomycetes,Saccharomycetales,Saccharomycetaceae,Kluyveromyces,Kluyveromyces_marxianus",4
"Candida_glabrata","Fungi,Ascomycota,Saccharomycetes,Saccharomycetales,Trichomonascaceae,Blastobotrys,Blastobotrys_adeninivorans",1
"Candida_glabrata","Fungi,Ascomycota,Saccharomycetes,Saccharomycetales,Debaryomycetaceae,Kurtzmaniella,Candida_boleticola",2
"Candida_glabrata","Fungi,Ascomycota,Saccharomycetes,Saccharomycetales,Debaryomycetaceae,Candida,Candida_parapsilosis",1
"Candida_glabrata","Fungi,Ascomycota,Eurotiomycetes,Eurotiales,Aspergillaceae,Penicillium,Penicillium_chrysogenum",1
"Candida_metapsilosis","Fungi,Ascomycota,Saccharomycetes,Saccharomycetales,Debaryomycetaceae,Candida,Candida_metapsilosis",394
"Candida_metapsilosis","Fungi,Ascomycota,Saccharomycetes,Saccharomycetales,Debaryomycetaceae,Candida,Candida_parapsilosis",2
"Candida_metapsilosis","Fungi,Ascomycota,Saccharomycetes,Saccharomycetales,Debaryomycetaceae,Candida,Candida_tropicalis",1
"Candida_metapsilosis","Fungi,Ascomycota,Saccharomycetes,Saccharomycetales,Saccharomycetaceae,Kluyveromyces,Kluyveromyces_lactis",1
"Candida_metapsilosis","Fungi,Ascomycota,Pezizomycetes,Pezizales,Tuberaceae,Tuber,Tuber_brumale",1
"Candida_parapsilosis","Fungi,Ascomycota,Saccharomycetes,Saccharomycetales,Debaryomycetaceae,Candida,Candida_parapsilosis",392
"Candida_parapsilosis","Fungi,Ascomycota,Saccharomycetes,Saccharomycetales,Debaryomycetaceae,Candida,Candida_metapsilosis",4
"Candida_parapsilosis","Fungi,Ascomycota,Saccharomycetes,Saccharomycetales,Debaryomycetaceae,Candida,Candida_tropicalis",1
"Candida_parapsilosis","Fungi,Ascomycota,Saccharomycetes,Saccharomycetales,Debaryomycetaceae,Candida,Candida_dubliniensis",1
"Candida_parapsilosis","Fungi,Basidiomycota,Exobasidiomycetes,Micostromatales,Quambalariaceae,Quambalaria,Quambalaria_cyanescens_CCL055",1
"Candida_parapsilosis","Fungi,Ascomycota,Saccharomycetes,Saccharomycetales,Saccharomycetaceae,Kluyveromyces,Kluyveromyces_lactis",1
"Candida_tropicalis","Fungi,Ascomycota,Saccharomycetes,Saccharomycetales,Debaryomycetaceae,Candida,Candida_tropicalis",396
"Candida_tropicalis","Fungi,Ascomycota,Saccharomycetes,Saccharomycetales,Debaryomycetaceae,Yamadazyma,Yamadazyma_mexicana",1
"Candida_tropicalis","Fungi,Ascomycota,Saccharomycetes,Saccharomycetales,Debaryomycetaceae,Kodamaea,Kodamaea_ohmeri",1
"Candida_zeylanoides","Fungi,Ascomycota,Saccharomycetes,Saccharomycetales,Debaryomycetaceae,Kurtzmaniella,Candida_zeylanoides",395
"Candida_zeylanoides","Fungi,Ascomycota,Saccharomycetes,Saccharomycetales,Debaryomycetaceae,Suhomyces,Candida_caryicola",3
"Candida_zeylanoides","Fungi,Ascomycota,Saccharomycetes,Saccharomycetales,Saccharomycetaceae,Kluyveromyces,Kluyveromyces_lactis",1
"Candida_zeylanoides","Fungi,Ascomycota,Saccharomycetes,Saccharomycetales,Debaryomycetaceae,Kurtzmaniella,Candida_boleticola",1
"Cortinarius_globuliformis_CM4","Fungi,Basidiomycota,Agaricomycetes,Agaricales,Cortinariaceae,Cortinarius,Cortinarius_globuliformis_CM4",334
"Cortinarius_globuliformis_CM4","Fungi,Ascomycota,Saccharomycetes,Saccharomycetales,Debaryomycetaceae,Yamadazyma,Yamadazyma_mexicana",15
"Cortinarius_globuliformis_CM4","Fungi,Ascomycota,Saccharomycetes,Saccharomycetales,Debaryomycetaceae,Candida,Candida_parapsilosis",10
"Cortinarius_globuliformis_CM4","Fungi,Ascomycota,Saccharomycetes,Saccharomycetales,Debaryomycetaceae,Suhomyces,Candida_caryicola",6
"Cortinarius_globuliformis_CM4","Fungi,Ascomycota,Saccharomycetes,Saccharomycetales,Debaryomycetaceae,Kodamaea,Kodamaea_ohmeri",1
"Cortinarius_globuliformis_CM4","Fungi,Ascomycota,Saccharomycetes,Saccharomycetales,Debaryomycetaceae,Candida,Candida_metapsilosis",6
"Cortinarius_globuliformis_CM4","Fungi,Ascomycota,Saccharomycetes,Saccharomycetales,Debaryomycetaceae,Kurtzmaniella,Candida_boleticola",7
"Cortinarius_globuliformis_CM4","Fungi,Basidiomycota,Ustilaginomyces,Ustilaginales,Ustilaginaceae,Sporisorium,Sporisorium_scitamineum",2
"Cortinarius_globuliformis_CM4","Fungi,Ascomycota,Saccharomycetes,Saccharomycetales,Debaryomycetaceae,Yamadazyma,Yamadazyma_scolyti",6
"Cortinarius_globuliformis_CM4","Fungi,Basidiomycota,PucciFniomycetes,Pucciniales,Pucciniaceae,Puccinia,Puccinia_striiformis_var_tritici",2
"Cortinarius_globuliformis_CM4","Fungi,Ascomycota,Pezizomycetes,Pezizales,Tuberaceae,Tuber,Tuber_brumale",1
"Cortinarius_globuliformis_CM4","Fungi,Ascomycota,Dothidiomycetes,Botryosphaeriales,Botryosphaeriaceae,Diplodia,Diplodia_seriata",1
"Cortinarius_globuliformis_CM4","Fungi,Ascomycota,Saccharomycetes,Saccharomycetales,Pichiaeceae,Pichia,Pichia_kudriavzevii",1
"Cryptococcus_gattii_VG_I","Fungi,Basidiomycota,Tremellomycetes,Tremellales,Cryptococcaceae,Cryptococcus,Cryptococcus_gattii_VG_I",368
"Cryptococcus_gattii_VG_I","Fungi,Ascomycota,Saccharomycetes,Saccharomycetales,Debaryomycetaceae,Yamadazyma,Yamadazyma_mexicana",1
"Cryptococcus_gattii_VG_I","Fungi,Basidiomycota,Tremellomycetes,Tremellales,Cryptococcaceae,Cryptococcus,Cryptococcus_neoformans_VN_IIII",1
"Cryptococcus_gattii_VG_I","Fungi,Ascomycota,Saccharomycetes,Saccharomycetales,Debaryomycetaceae,Kurtzmaniella,Candida_boleticola",1
"Cryptococcus_neoformans_VN_IIII","Fungi,Basidiomycota,Tremellomycetes,Tremellales,Cryptococcaceae,Cryptococcus,Cryptococcus_neoformans_VN_IIII",387
"Cryptococcus_neoformans_VN_IIII","Fungi,Ascomycota,Saccharomycetes,Saccharomycetales,Debaryomycetaceae,Candida,Candida_dubliniensis",1
"Cryptococcus_neoformans_VN_IIII","Fungi,Basidiomycota,Tremellomycetes,Tremellales,Cryptococcaceae,Cryptococcus,Cryptococcus_gattii_VG_I",2
"Cryptococcus_neoformans_VN_IIII","Fungi,Ascomycota,Eurotiomycetes,Eurotiales,Aspergillaceae,Aspergillus_,Aspergillus_flavus",1
"Cryptovalsa_ampelina","Fungi,Ascomycota,Dothidiomycetes,Pleosporales,Pleosporaceae,Pyrenophora,Pyrenophora_tritici-repentis",1
"Cryptovalsa_ampelina","Fungi,Ascomycota,Sordariomycetes,Xylariales,Diatrypaceae,Cryptovalsa,Cryptovalsa_ampelina",395
"Cryptovalsa_ampelina","Fungi,Ascomycota,Saccharomycetes,Saccharomycetales,Trichomonascaceae,Blastobotrys,Blastobotrys_proliferans",1
"Cryptovalsa_ampelina","Fungi,Ascomycota,Sordariomycetes,Diaporthales,Diaporthaceae,Diaporthe,Diaporthe_sp_CCL067",1
"Cryptovalsa_ampelina","Fungi,Ascomycota,Saccharomycetes,Saccharomycetales,Debaryomycetaceae,Suhomyces,Candida_caryicola",1
"Diaporthe_sp_CCL067","Fungi,Ascomycota,Sordariomycetes,Diaporthales,Diaporthaceae,Diaporthe,Diaporthe_sp_CCL067",399
"Diaporthe_sp_CCL067","Fungi,Ascomycota,Sordariomycetes,Hypocreales,Nectriaceae,Fusarium,Fusarium_pseudograminearum",1
"Diplodia_seriata","Fungi,Ascomycota,Dothidiomycetes,Botryosphaeriales,Botryosphaeriaceae,Diplodia,Diplodia_seriata",398
"Entoleuca_sp_CCL052","Fungi,Ascomycota,Sordariomycetes,Xylariales,Xylariaceae,Entoleuca,Entoleuca_sp_CCL052",395
"Entoleuca_sp_CCL052","Fungi,Ascomycota,Saccharomycetes,Saccharomycetales,Debaryomycetaceae,Kurtzmaniella,Candida_boleticola",1
"Entoleuca_sp_CCL052","Fungi,Ascomycota,Saccharomycetes,Saccharomycetales,Dipodascaceae,Geotrichum,Geotrichum_candidum",1
"Erysiphe_necator","Fungi,Ascomycota,Leotiomycetes,Erysiphales,Erysiphaceae,Erysiphe_,Erysiphe_necator",370
"Erysiphe_necator","Fungi,Ascomycota,Dothidiomycetes,Pleosporales,Pleosporaceae,Pyrenophora,Pyrenophora_tritici-repentis",8
"Erysiphe_necator","Fungi,Ascomycota,Saccharomycetes,Saccharomycetales,Debaryomycetaceae,Candida,Candida_dubliniensis",2
"Erysiphe_necator","Fungi,Ascomycota,Saccharomycetes,Saccharomycetales,Debaryomycetaceae,Suhomyces,Candida_caryicola",1
"Erysiphe_necator","Fungi,Ascomycota,Saccharomycetes,Saccharomycetales,Debaryomycetaceae,Kurtzmaniella,Candida_boleticola",1
"Erysiphe_necator","Fungi,Basidiomycota,Microbotryomycetes,Sporidiobolales,Sporidiobolaceae,Rhodotorula,Rhodotorula_mucilaginosa",2
"Erysiphe_necator","Fungi,Ascomycota,Sordariomycetes,Hypocreales,Nectriaceae,Fusarium,Fusarium_proliferatum",7
"Erysiphe_necator","Fungi,Ascomycota,Saccharomycetes,Saccharomycetales,Phaffomycetaceae,Wickerhamomyces,Wickerhamomyces_anomalus",2
"Erysiphe_necator","Fungi,Ascomycota,Saccharomycetes,Saccharomycetales,Trichomonascaceae,Trichomonascus,Trichomonascus_ciferrii",2
"Erysiphe_necator","Fungi,Ascomycota,Eurotiomycetes,Eurotiales,Aspergillaceae,Penicillium,Penicillium_chrysogenum",2
"Erysiphe_necator","Fungi,Ascomycota,Eurotiomycetes,Eurotiales,Aspergillaceae,Aspergillus_,Aspergillus_fumigatus",1
"Erysiphe_necator","Fungi,Ascomycota,Saccharomycetes,Saccharomycetales,Saccharomycetaceae,Kluyveromyces,Kluyveromyces_lactis",1
"Eutypa_lata","Fungi,Ascomycota,Sordariomycetes,Xylariales,Diatrypaceae,Eutypa,Eutypa_lata",396
"Fusarium_proliferatum","Fungi,Ascomycota,Sordariomycetes,Hypocreales,Nectriaceae,Fusarium,Fusarium_proliferatum",392
"Fusarium_proliferatum","Fungi,Ascomycota,Saccharomycetes,Saccharomycetales,Debaryomycetaceae,Candida,Candida_metapsilosis",1
"Fusarium_proliferatum","Fungi,Ascomycota,Sordariomycetes,Hypocreales,Nectriaceae,Fusarium,Fusarium_pseudograminearum",3
"Fusarium_pseudograminearum","Fungi,Ascomycota,Sordariomycetes,Hypocreales,Nectriaceae,Fusarium,Fusarium_pseudograminearum",389
"Fusarium_pseudograminearum","Fungi,Ascomycota,Saccharomycetes,Saccharomycetales,Debaryomycetaceae,Kurtzmaniella,Candida_boleticola",2
"Fusarium_pseudograminearum","Fungi,Basidiomycota,Tremellomycetes,Trichosporonales,Trichosporonaceae,Trichosporon,Trichosporon_asahii",4
"Fusarium_pseudograminearum","Fungi,Ascomycota,Saccharomycetes,Saccharomycetales,Dipodascaceae,Yarrowia_,Yarrowia_lipolytica",1
"Fusarium_pseudograminearum","Fungi,Ascomycota,Sordariomycetes,Hypocreales,Nectriaceae,Fusarium,Fusarium_proliferatum",1
"Geotrichum_candidum","Fungi,Ascomycota,Saccharomycetes,Saccharomycetales,Dipodascaceae,Geotrichum,Geotrichum_candidum",400
"Kluyveromyces_lactis","Fungi,Ascomycota,Saccharomycetes,Saccharomycetales,Saccharomycetaceae,Kluyveromyces,Kluyveromyces_lactis",395
"Kluyveromyces_lactis","Fungi,Ascomycota,Saccharomycetes,Saccharomycetales,Debaryomycetaceae,Candida,Candida_dubliniensis",2
"Kluyveromyces_lactis","Fungi,Ascomycota,Saccharomycetes,Saccharomycetales,Saccharomycetales_incertae_sedis,Diutina,Candida_catenulata",1
"Kluyveromyces_lactis","Fungi,Ascomycota,Dothidiomycetes,Mycosphaerellales,Mycosphaerellaceae,Zymoseptoria,Zymoseptoria_tritici",1
"Kluyveromyces_lactis","Fungi,Ascomycota,Saccharomycetes,Saccharomycetales,Dipodascaceae,Geotrichum,Geotrichum_candidum",1
"Kluyveromyces_marxianus","Fungi,Ascomycota,Saccharomycetes,Saccharomycetales,Saccharomycetaceae,Kluyveromyces,Kluyveromyces_marxianus",399
"Kluyveromyces_marxianus","Fungi,Basidiomycota,PucciFniomycetes,Pucciniales,Pucciniaceae,Puccinia,Puccinia_striiformis_var_tritici",1
"Kodamaea_ohmeri","Fungi,Ascomycota,Saccharomycetes,Saccharomycetales,Debaryomycetaceae,Kodamaea,Kodamaea_ohmeri",390
"Leptosphaeria_maculans","Fungi,Ascomycota,Dothidiomycetes,Pleosporales,Leptosphaeriacae,Leptosphaeria,Leptosphaeria_maculans",397
"Leptosphaeria_maculans","Fungi,Ascomycota,Saccharomycetes,Saccharomycetales,Saccharomycetaceae,Kluyveromyces,Kluyveromyces_marxianus",1
"Penicillium_chrysogenum","Fungi,Ascomycota,Eurotiomycetes,Eurotiales,Aspergillaceae,Penicillium,Penicillium_chrysogenum",385
"Penicillium_chrysogenum","Fungi,Ascomycota,Saccharomycetes,Saccharomycetales,Debaryomycetaceae,Candida,Candida_metapsilosis",1
"Penicillium_chrysogenum","Fungi,Ascomycota,Saccharomycetes,Saccharomycetales,Debaryomycetaceae,Kurtzmaniella,Candida_boleticola",1
"Pichia_kudriavzevii","Fungi,Ascomycota,Saccharomycetes,Saccharomycetales,Pichiaeceae,Pichia,Pichia_kudriavzevii",387
"Pichia_kudriavzevii","Fungi,Ascomycota,Sordariomycetes,Microascales,Microascaceae,Scedosporium,Scedosporium_boydii",1
"Pichia_kudriavzevii","Fungi,Basidiomycota,Agaricomycetes,Agaricales,Cortinariaceae,Cortinarius,Cortinarius_globuliformis_CM4",1
"Pichia_membranifaciens","Fungi,Ascomycota,Saccharomycetes,Saccharomycetales,Pichiaeceae,Pichia,Pichia_membranifaciens",305
"Pichia_membranifaciens","Fungi,Ascomycota,Saccharomycetes,Saccharomycetales,Debaryomycetaceae,Candida,Candida_dubliniensis",1
"Pichia_membranifaciens","Fungi,Ascomycota,Saccharomycetes,Saccharomycetales,Pichiaeceae,Pichia,Pichia_kudriavzevii",2
"Pichia_membranifaciens","Fungi,Ascomycota,Sordariomycetes,Sordariomycetes_insertae_sedis_,Sordariomycetes_insertae_sedis_,Asteroma,Asteroma_sp_CCL060",1
"Pichia_membranifaciens","Fungi,Ascomycota,Saccharomycetes,Saccharomycetales,Debaryomycetaceae,Candida,Candida_parapsilosis",2
"Pichia_membranifaciens","Fungi,Basidiomycota,Tremellomycetes,Tremellales,Cryptococcaceae,Cryptococcus,Cryptococcus_neoformans_VN_IIII",1
"Puccinia_graminis","Fungi,Basidiomycota,Pucciniomycetes,Pucciniales,Pucciniaceae,Puccinia,Puccinia_graminis",391
"Puccinia_graminis","Fungi,Basidiomycota,Pucciniomycetes,Pucciniales,Pucciniaceae,Puccinia,Puccinia_triticina",1
"Puccinia_graminis","Fungi,Basidiomycota,PucciFniomycetes,Pucciniales,Pucciniaceae,Puccinia,Puccinia_striiformis_var_tritici",3
"Puccinia_graminis","Fungi,Basidiomycota,Exobasidiomycetes,Micostromatales,Quambalariaceae,Quambalaria,Quambalaria_cyanescens_CCL055",1
"Puccinia_graminis","Fungi,Basidiomycota,Tremellomycetes,Trichosporonales,Trichosporonaceae,Trichosporon,Trichosporon_asahii",1
"Puccinia_graminis","Fungi,Ascomycota,Dothidiomycetes,Mycosphaerellales,Mycosphaerellaceae,Zymoseptoria,Zymoseptoria_tritici",1
"Puccinia_graminis","Fungi,Basidiomycota,Ustilaginomyces,Ustilaginales,Ustilaginaceae,Sporisorium,Sporisorium_scitamineum",1
"Puccinia_striiformis_var_tritici","Fungi,Basidiomycota,PucciFniomycetes,Pucciniales,Pucciniaceae,Puccinia,Puccinia_striiformis_var_tritici",387
"Puccinia_striiformis_var_tritici","Fungi,Basidiomycota,Pucciniomycetes,Pucciniales,Pucciniaceae,Puccinia,Puccinia_graminis",1
"Puccinia_striiformis_var_tritici","Fungi,Ascomycota,Dothidiomycetes,Mycosphaerellales,Mycosphaerellaceae,Zymoseptoria,Zymoseptoria_tritici",3
"Puccinia_striiformis_var_tritici","Fungi,Basidiomycota,Pucciniomycetes,Pucciniales,Pucciniaceae,Puccinia,Puccinia_triticina",1
"Puccinia_striiformis_var_tritici","Fungi,Ascomycota,Saccharomycetes,Saccharomycetales,Debaryomycetaceae,Yamadazyma,Yamadazyma_scolyti",1
"Puccinia_striiformis_var_tritici","Fungi,Ascomycota,Saccharomycetes,Saccharomycetales,Saccharomycetaceae,Kluyveromyces,Kluyveromyces_marxianus",1
"Puccinia_striiformis_var_tritici","Fungi,Ascomycota,Sordariomycetes,Xylariales,Diatrypaceae,Cryptovalsa,Cryptovalsa_ampelina",1
"Puccinia_striiformis_var_tritici","Fungi,Ascomycota,Saccharomycetes,Saccharomycetales,Debaryomycetaceae,Candida,Candida_parapsilosis",1
"Puccinia_triticina","Fungi,Basidiomycota,Pucciniomycetes,Pucciniales,Pucciniaceae,Puccinia,Puccinia_triticina",383
"Puccinia_triticina","Fungi,Basidiomycota,PucciFniomycetes,Pucciniales,Pucciniaceae,Puccinia,Puccinia_striiformis_var_tritici",2
"Puccinia_triticina","Fungi,Basidiomycota,Pucciniomycetes,Pucciniales,Pucciniaceae,Puccinia,Puccinia_graminis",5
"Puccinia_triticina","Fungi,Basidiomycota,Pucciniomycetes,Pucciniales,Sphaerophragmiaceae,Austropuccinia_,Austropuccinia_psidii",2
"Puccinia_triticina","Fungi,Ascomycota,Saccharomycetes,Saccharomycetales,Saccharomycetaceae,Kluyveromyces,Kluyveromyces_lactis",1
"Puccinia_triticina","Fungi,Ascomycota,Dothidiomycetes,Pleosporales,Leptosphaeriacae,Leptosphaeria,Leptosphaeria_maculans",1
"Pyrenophora_tritici-repentis","Fungi,Ascomycota,Dothidiomycetes,Pleosporales,Pleosporaceae,Pyrenophora,Pyrenophora_tritici-repentis",346
"Quambalaria_cyanescens_CCL055","Fungi,Basidiomycota,Exobasidiomycetes,Micostromatales,Quambalariaceae,Quambalaria,Quambalaria_cyanescens_CCL055",390
"Quambalaria_cyanescens_CCL055","Fungi,Ascomycota,Saccharomycetes,Saccharomycetales,Debaryomycetaceae,Kodamaea,Kodamaea_ohmeri",1
"Rhodotorula_mucilaginosa","Fungi,Basidiomycota,Microbotryomycetes,Sporidiobolales,Sporidiobolaceae,Rhodotorula,Rhodotorula_mucilaginosa",399
"Rhodotorula_mucilaginosa","Fungi,Ascomycota,Pezizomycetes,Helotiales,Sclerotiniaceae,Sclerotinia,Sclerotinia_sclerotiorum",1
"Scedosporium_aurantiacum","Fungi,Ascomycota,Sordariomycetes,Microascales,Microascaceae,Scedosporium,Scedosporium_aurantiacum",390
"Scedosporium_aurantiacum","Fungi,Ascomycota,Sordariomycetes,Microascales,Microascaceae,Scedosporium,Scedosporium_boydii",1
"Scedosporium_boydii","Fungi,Ascomycota,Sordariomycetes,Microascales,Microascaceae,Scedosporium,Scedosporium_boydii",383
"Scedosporium_boydii","Fungi,Ascomycota,Sordariomycetes,Microascales,Microascaceae,Scedosporium,Scedosporium_aurantiacum",4
"Sclerotinia_sclerotiorum","Fungi,Ascomycota,Pezizomycetes,Helotiales,Sclerotiniaceae,Sclerotinia,Sclerotinia_sclerotiorum",388
"Sclerotinia_sclerotiorum","Fungi,Ascomycota,Pezizomycetes,Pezizales,Tuberaceae,Tuber,Tuber_brumale",1
"Sclerotinia_sclerotiorum","Fungi,Ascomycota,Leotiomycetes,Helotiales,Sclerotiniaceae,Botrytis,Botrytis_fabae",3
"Sclerotinia_sclerotiorum","Fungi,Basidiomycota,Agaricomycetes,Agaricales,Cortinariaceae,Cortinarius,Cortinarius_globuliformis_CM4",1
"Sclerotinia_sclerotiorum","Fungi,Ascomycota,Saccharomycetes,Saccharomycetales,Saccharomycetales_incertae_sedis,Diutina,Candida_catenulata",1
"Sclerotinia_sclerotiorum","Fungi,Ascomycota,Leotiomycetes,Helotiales,Sclerotiniaceae,Botrytis,Botrytis_cinerea",1
"Sporisorium_scitamineum","Fungi,Basidiomycota,Ustilaginomyces,Ustilaginales,Ustilaginaceae,Sporisorium,Sporisorium_scitamineum",355
"Sporisorium_scitamineum","Fungi,Ascomycota,Saccharomycetes,Saccharomycetales,Dipodascaceae,Geotrichum,Geotrichum_candidum",31
"Sporisorium_scitamineum","Fungi,Basidiomycota,Tremellomycetes,Trichosporonales,Trichosporonaceae,Trichosporon,Trichosporon_asahii",1
"Sporisorium_scitamineum","Fungi,Ascomycota,Eurotiomycetes,Eurotiales,Aspergillaceae,Aspergillus_,Aspergillus_flavus",2
"Sporisorium_scitamineum","Fungi,Ascomycota,Sordariomycetes,Hypocreales,Nectriaceae,Fusarium,Fusarium_proliferatum",3
"Sporisorium_scitamineum","Fungi,Basidiomycota,Exobasidiomycetes,Micostromatales,Quambalariaceae,Quambalaria,Quambalaria_cyanescens_CCL055",2
"Sporisorium_scitamineum","Fungi,Ascomycota,Saccharomycetes,Saccharomycetales,Saccharomycetales_incertae_sedis,Diutina,Candida_catenulata",2
"Sporisorium_scitamineum","Fungi,Basidiomycota,Tremellomycetes,Tremellales,Cryptococcaceae,Cryptococcus,Cryptococcus_gattii_VG_I",1
"Sporisorium_scitamineum","Fungi,Ascomycota,Saccharomycetes,Saccharomycetales,Debaryomycetaceae,Kurtzmaniella,Candida_boleticola",1
"Trichomonascus_ciferrii","Fungi,Ascomycota,Saccharomycetes,Saccharomycetales,Trichomonascaceae,Trichomonascus,Trichomonascus_ciferrii",385
"Trichomonascus_ciferrii","Fungi,Ascomycota,Sordariomycetes,Diaporthales,Diaporthaceae,Diaporthe,Diaporthe_sp_CCL067",1
"Trichomonascus_ciferrii","Fungi,Ascomycota,Saccharomycetes,Saccharomycetales,Dipodascaceae,Yarrowia_,Yarrowia_lipolytica",1
"Trichomonascus_ciferrii","Fungi,Ascomycota,Saccharomycetes,Saccharomycetales,Trichomonascaceae,Blastobotrys,Blastobotrys_proliferans",1
"Trichomonascus_ciferrii","Fungi,Ascomycota,Sordariomycetes,Hypocreales,Nectriaceae,Fusarium,Fusarium_pseudograminearum",1
"Trichosporon_asahii","Fungi,Basidiomycota,Tremellomycetes,Trichosporonales,Trichosporonaceae,Trichosporon,Trichosporon_asahii",394
"Trichosporon_asahii","Fungi,Basidiomycota,Tremellomycetes,Tremellales,Cryptococcaceae,Cryptococcus,Cryptococcus_neoformans_VN_IIII",1
"Trichosporon_asahii","Fungi,Basidiomycota,Tremellomycetes,Tremellales,Cryptococcaceae,Cryptococcus,Cryptococcus_gattii_VG_I",1
"Tuber_brumale","Fungi,Ascomycota,Pezizomycetes,Pezizales,Tuberaceae,Tuber,Tuber_brumale",394
"Tuber_brumale","Fungi,Ascomycota,Saccharomycetes,Saccharomycetales,Trichomonascaceae,Trichomonascus,Trichomonascus_ciferrii",1
"Tuber_brumale","Fungi,Basidiomycota,Tremellomycetes,Tremellales,Cryptococcaceae,Cryptococcus,Cryptococcus_neoformans_VN_IIII",1
"Tuber_brumale","Fungi,Ascomycota,Saccharomycetes,Saccharomycetales,Dipodascaceae,Geotrichum,Geotrichum_candidum",1
"Wickerhamomyces_anomalus","Fungi,Ascomycota,Saccharomycetes,Saccharomycetales,Phaffomycetaceae,Wickerhamomyces,Wickerhamomyces_anomalus",395
"Wickerhamomyces_anomalus","Fungi,Ascomycota,Saccharomycetes,Saccharomycetales,Debaryomycetaceae,Candida,Candida_metapsilosis",1
"Yamadazyma_mexicana","Fungi,Ascomycota,Saccharomycetes,Saccharomycetales,Debaryomycetaceae,Yamadazyma,Yamadazyma_mexicana",396
"Yamadazyma_mexicana","Fungi,Ascomycota,Saccharomycetes,Saccharomycetales,Trichomonascaceae,Blastobotrys,Blastobotrys_proliferans",1
"Yamadazyma_mexicana","Fungi,Ascomycota,Saccharomycetes,Saccharomycetales,Pichiaeceae,Pichia,Pichia_kudriavzevii",1
"Yamadazyma_mexicana","Fungi,Ascomycota,Saccharomycetes,Saccharomycetales,Debaryomycetaceae,Kodamaea,Kodamaea_ohmeri",1
"Yamadazyma_mexicana","Fungi,Ascomycota,Saccharomycetes,Saccharomycetales,Trichomonascaceae,Trichomonascus,Trichomonascus_ciferrii",1
"Yamadazyma_scolyti","Fungi,Ascomycota,Saccharomycetes,Saccharomycetales,Debaryomycetaceae,Yamadazyma,Yamadazyma_scolyti",400
"Yarrowia_lipolytica","Fungi,Ascomycota,Saccharomycetes,Saccharomycetales,Dipodascaceae,Yarrowia_,Yarrowia_lipolytica",396
"Zymoseptoria_tritici","Fungi,Ascomycota,Dothidiomycetes,Mycosphaerellales,Mycosphaerellaceae,Zymoseptoria,Zymoseptoria_tritici",397
