"Aspergillus_flavus","Fungi,Ascomycota,Eurotiomycetes,Eurotiales,Aspergillaceae,Aspergillus_,Aspergillus_flavus",178
"Aspergillus_flavus","Fungi,Ascomycota,Eurotiomycetes,Eurotiales,Aspergillaceae,Penicillium,Penicillium_chrysogenum",4
"Aspergillus_flavus","Fungi,Ascomycota,Saccharomycetes,Saccharomycetales,Dipodascaceae,Yarrowia_,Yarrowia_lipolytica",2
"Aspergillus_flavus","Fungi,Ascomycota,Saccharomycetes,Saccharomycetales,Saccharomycetaceae,Kluyveromyces,Kluyveromyces_lactis",1
"Aspergillus_flavus","Fungi,Ascomycota,Saccharomycetes,Saccharomycetales,Pichiaeceae,Pichia,Pichia_kudriavzevii",1
"Aspergillus_flavus","Fungi,Basidiomycota,Microbotryomycetes,Sporidiobolales,Sporidiobolaceae,Rhodotorula,Rhodotorula_mucilaginosa",1
"Aspergillus_flavus","Fungi,Basidiomycota,Pucciniomycetes,Pucciniales,Pucciniaceae,Puccinia,Puccinia_triticina",1
"Aspergillus_fumigatus","Fungi,Ascomycota,Eurotiomycetes,Eurotiales,Aspergillaceae,Aspergillus_,Aspergillus_fumigatus",276
"Aspergillus_fumigatus","Fungi,Ascomycota,Eurotiomycetes,Eurotiales,Aspergillaceae,Aspergillus_,Aspergillus_flavus",119
"Aspergillus_fumigatus","Fungi,Ascomycota,Saccharomycetes,Saccharomycetales,Debaryomycetaceae,Suhomyces,Candida_caryicola",7
"Aspergillus_fumigatus","Fungi,Ascomycota,Eurotiomycetes,Eurotiales,Aspergillaceae,Penicillium,Penicillium_chrysogenum",44
"Aspergillus_fumigatus","Fungi,Ascomycota,Dothidiomycetes,Pleosporales,Pleosporaceae,Pyrenophora,Pyrenophora_tritici-repentis",1
"Aspergillus_fumigatus","Fungi,Basidiomycota,Microbotryomycetes,Sporidiobolales,Sporidiobolaceae,Rhodotorula,Rhodotorula_mucilaginosa",3
"Aspergillus_fumigatus","Fungi,Ascomycota,Sordariomycetes,Microascales,Microascaceae,Scedosporium,Scedosporium_aurantiacum",1
"Aspergillus_fumigatus","Fungi,Ascomycota,Pezizomycetes,Pezizales,Tuberaceae,Tuber,Tuber_brumale",1
"Aspergillus_fumigatus","Fungi,Ascomycota,Saccharomycetes,Saccharomycetales,Saccharomycetaceae,Kluyveromyces,Kluyveromyces_lactis",1
"Aspergillus_fumigatus","Fungi,Ascomycota,Saccharomycetes,Saccharomycetales,Phaffomycetaceae,Wickerhamomyces,Wickerhamomyces_anomalus",2
"Aspergillus_fumigatus","Fungi,Ascomycota,Saccharomycetes,Saccharomycetales,Debaryomycetaceae,Yamadazyma,Yamadazyma_mexicana",1
"Aspergillus_fumigatus","Fungi,Ascomycota,Leotiomycetes,Erysiphales,Erysiphaceae,Erysiphe_,Erysiphe_necator",1
"Asteroma_sp_CCL060","Fungi,Ascomycota,Sordariomycetes,Sordariomycetes_insertae_sedis_,Sordariomycetes_insertae_sedis_,Asteroma,Asteroma_sp_CCL060",385
"Asteroma_sp_CCL060","Fungi,Ascomycota,Saccharomycetes,Saccharomycetales,Debaryomycetaceae,Yamadazyma,Yamadazyma_mexicana",1
"Austropuccinia_psidii","Fungi,Basidiomycota,Pucciniomycetes,Pucciniales,Sphaerophragmiaceae,Austropuccinia_,Austropuccinia_psidii",365
"Austropuccinia_psidii","Fungi,Ascomycota,Saccharomycetes,Saccharomycetales,Trichomonascaceae,Blastobotrys,Blastobotrys_proliferans",1
"Blastobotrys_adeninivorans","Fungi,Ascomycota,Saccharomycetes,Saccharomycetales,Trichomonascaceae,Blastobotrys,Blastobotrys_adeninivorans",255
"Blastobotrys_adeninivorans","Fungi,Basidiomycota,Tremellomycetes,Tremellales,Cryptococcaceae,Cryptococcus,Cryptococcus_gattii_VG_I",1
"Blastobotrys_proliferans","Fungi,Ascomycota,Saccharomycetes,Saccharomycetales,Trichomonascaceae,Blastobotrys,Blastobotrys_proliferans",216
"Blastobotrys_proliferans","Fungi,Ascomycota,Saccharomycetes,Saccharomycetales,Pichiaeceae,Pichia,Pichia_kudriavzevii",1
"Blastobotrys_proliferans","Fungi,Basidiomycota,Pucciniomycetes,Pucciniales,Pucciniaceae,Puccinia,Puccinia_triticina",1
"Botrytis_cinerea","Fungi,Ascomycota,Leotiomycetes,Helotiales,Sclerotiniaceae,Botrytis,Botrytis_cinerea",307
"Botrytis_cinerea","Fungi,Ascomycota,Leotiomycetes,Helotiales,Sclerotiniaceae,Botrytis,Botrytis_fabae",149
"Botrytis_cinerea","Fungi,Ascomycota,Pezizomycetes,Helotiales,Sclerotiniaceae,Sclerotinia,Sclerotinia_sclerotiorum",4
"Botrytis_cinerea","Fungi,Ascomycota,Sordariomycetes,Diaporthales,Diaporthaceae,Diaporthe,Diaporthe_sp_CCL067",1
"Botrytis_cinerea","Fungi,Ascomycota,Saccharomycetes,Saccharomycetales,Debaryomycetaceae,Candida,Candida_tropicalis",1
"Botrytis_fabae","Fungi,Ascomycota,Leotiomycetes,Helotiales,Sclerotiniaceae,Botrytis,Botrytis_fabae",117
"Botrytis_fabae","Fungi,Ascomycota,Leotiomycetes,Helotiales,Sclerotiniaceae,Botrytis,Botrytis_cinerea",93
"Botrytis_fabae","Fungi,Ascomycota,Pezizomycetes,Helotiales,Sclerotiniaceae,Sclerotinia,Sclerotinia_sclerotiorum",2
"Botrytis_fabae","Fungi,Ascomycota,Saccharomycetes,Saccharomycetales,Saccharomycetaceae,Kluyveromyces,Kluyveromyces_lactis",1
"Candida_boleticola","Fungi,Ascomycota,Saccharomycetes,Saccharomycetales,Debaryomycetaceae,Kurtzmaniella,Candida_boleticola",217
"Candida_boleticola","Fungi,Ascomycota,Saccharomycetes,Saccharomycetales,Pichiaeceae,Pichia,Pichia_kudriavzevii",1
"Candida_caryicola","Fungi,Ascomycota,Saccharomycetes,Saccharomycetales,Debaryomycetaceae,Suhomyces,Candida_caryicola",214
"Candida_caryicola","Fungi,Ascomycota,Saccharomycetes,Saccharomycetales,Debaryomycetaceae,Kurtzmaniella,Candida_boleticola",1
"Candida_caryicola","Fungi,Ascomycota,Saccharomycetes,Saccharomycetales,Debaryomycetaceae,Kodamaea,Kodamaea_ohmeri",1
"Candida_caryicola","Fungi,Ascomycota,Saccharomycetes,Saccharomycetales,Saccharomycetales_incertae_sedis,Diutina,Candida_catenulata",1
"Candida_catenulata","Fungi,Ascomycota,Saccharomycetes,Saccharomycetales,Saccharomycetales_incertae_sedis,Diutina,Candida_catenulata",224
"Candida_catenulata","Fungi,Ascomycota,Saccharomycetes,Saccharomycetales,Trichomonascaceae,Blastobotrys,Blastobotrys_proliferans",1
"Candida_catenulata","Fungi,Ascomycota,Sordariomycetes,Xylariales,Diatrypaceae,Eutypa,Eutypa_lata",1
"Candida_dubliniensis","Fungi,Ascomycota,Saccharomycetes,Saccharomycetales,Debaryomycetaceae,Candida,Candida_dubliniensis",209
"Candida_dubliniensis","Fungi,Ascomycota,Saccharomycetes,Saccharomycetales,Saccharomycetaceae,Kluyveromyces,Kluyveromyces_lactis",5
"Candida_dubliniensis","Fungi,Ascomycota,Saccharomycetes,Saccharomycetales,Saccharomycetaceae,Nakaseomyces,Candida_glabrata",1
"Candida_dubliniensis","Fungi,Ascomycota,Saccharomycetes,Saccharomycetales,Debaryomycetaceae,Suhomyces,Candida_caryicola",1
"Candida_dubliniensis","Fungi,Ascomycota,Sordariomycetes,Microascales,Microascaceae,Scedosporium,Scedosporium_boydii",1
"Candida_glabrata","Fungi,Basidiomycota,Tremellomycetes,Trichosporonales,Trichosporonaceae,Trichosporon,Trichosporon_asahii",8
"Candida_glabrata","Fungi,Ascomycota,Saccharomycetes,Saccharomycetales,Saccharomycetaceae,Nakaseomyces,Candida_glabrata",429
"Candida_glabrata","Fungi,Ascomycota,Saccharomycetes,Saccharomycetales,Dipodascaceae,Yarrowia_,Yarrowia_lipolytica",35
"Candida_glabrata","Fungi,Ascomycota,Saccharomycetes,Saccharomycetales,Pichiaeceae,Pichia,Pichia_kudriavzevii",16
"Candida_glabrata","Fungi,Ascomycota,Saccharomycetes,Saccharomycetales,Debaryomycetaceae,Suhomyces,Candida_caryicola",11
"Candida_glabrata","Fungi,Ascomycota,Saccharomycetes,Saccharomycetales,Saccharomycetales_incertae_sedis,Diutina,Candida_catenulata",22
"Candida_glabrata","Fungi,Ascomycota,Saccharomycetes,Saccharomycetales,Debaryomycetaceae,Yamadazyma,Yamadazyma_mexicana",1
"Candida_glabrata","Fungi,Ascomycota,Saccharomycetes,Saccharomycetales,Debaryomycetaceae,Kurtzmaniella,Candida_zeylanoides",7
"Candida_glabrata","Fungi,Ascomycota,Saccharomycetes,Saccharomycetales,Debaryomycetaceae,Kurtzmaniella,Candida_boleticola",4
"Candida_glabrata","Fungi,Ascomycota,Saccharomycetes,Saccharomycetales,Trichomonascaceae,Blastobotrys,Blastobotrys_adeninivorans",3
"Candida_glabrata","Fungi,Ascomycota,Sordariomycetes,Xylariales,Diatrypaceae,Eutypa,Eutypa_lata",1
"Candida_glabrata","Fungi,Basidiomycota,Exobasidiomycetes,Micostromatales,Quambalariaceae,Quambalaria,Quambalaria_cyanescens_CCL055",1
"Candida_glabrata","Fungi,Ascomycota,Saccharomycetes,Saccharomycetales,Saccharomycetaceae,Kluyveromyces,Kluyveromyces_lactis",1
"Candida_glabrata","Fungi,Ascomycota,Saccharomycetes,Saccharomycetales,Debaryomycetaceae,Yamadazyma,Yamadazyma_scolyti",1
"Candida_glabrata","Fungi,Ascomycota,Saccharomycetes,Saccharomycetales,Debaryomycetaceae,Kodamaea,Kodamaea_ohmeri",1
"Candida_glabrata","Fungi,Ascomycota,Saccharomycetes,Saccharomycetales,Debaryomycetaceae,Candida,Candida_tropicalis",1
"Candida_glabrata","Fungi,Ascomycota,Saccharomycetes,Saccharomycetales,Saccharomycetaceae,Kluyveromyces,Kluyveromyces_marxianus",1
"Candida_metapsilosis","Fungi,Ascomycota,Saccharomycetes,Saccharomycetales,Debaryomycetaceae,Candida,Candida_metapsilosis",383
"Candida_metapsilosis","Fungi,Ascomycota,Saccharomycetes,Saccharomycetales,Debaryomycetaceae,Candida,Candida_parapsilosis",7
"Candida_metapsilosis","Fungi,Ascomycota,Sordariomycetes,Xylariales,Diatrypaceae,Cryptovalsa,Cryptovalsa_ampelina",1
"Candida_metapsilosis","Fungi,Ascomycota,Saccharomycetes,Saccharomycetales,Debaryomycetaceae,Candida,Candida_dubliniensis",1
"Candida_metapsilosis","Fungi,Ascomycota,Saccharomycetes,Saccharomycetales,Debaryomycetaceae,Candida,Candida_tropicalis",1
"Candida_metapsilosis","Fungi,Ascomycota,Saccharomycetes,Saccharomycetales,Phaffomycetaceae,Wickerhamomyces,Wickerhamomyces_anomalus",1
"Candida_parapsilosis","Fungi,Ascomycota,Saccharomycetes,Saccharomycetales,Debaryomycetaceae,Candida,Candida_parapsilosis",629
"Candida_parapsilosis","Fungi,Ascomycota,Saccharomycetes,Saccharomycetales,Saccharomycetaceae,Kluyveromyces,Kluyveromyces_lactis",3
"Candida_parapsilosis","Fungi,Ascomycota,Saccharomycetes,Saccharomycetales,Debaryomycetaceae,Candida,Candida_tropicalis",1
"Candida_parapsilosis","Fungi,Ascomycota,Sordariomycetes,Sordariomycetes_insertae_sedis_,Sordariomycetes_insertae_sedis_,Asteroma,Asteroma_sp_CCL060",1
"Candida_tropicalis","Fungi,Ascomycota,Saccharomycetes,Saccharomycetales,Debaryomycetaceae,Candida,Candida_tropicalis",447
"Candida_tropicalis","Fungi,Ascomycota,Saccharomycetes,Saccharomycetales,Saccharomycetaceae,Kluyveromyces,Kluyveromyces_lactis",3
"Candida_tropicalis","Fungi,Ascomycota,Saccharomycetes,Saccharomycetales,Dipodascaceae,Geotrichum,Geotrichum_candidum",1
"Candida_tropicalis","Fungi,Ascomycota,Saccharomycetes,Saccharomycetales,Saccharomycetaceae,Kluyveromyces,Kluyveromyces_marxianus",1
"Candida_zeylanoides","Fungi,Ascomycota,Saccharomycetes,Saccharomycetales,Debaryomycetaceae,Kurtzmaniella,Candida_zeylanoides",295
"Candida_zeylanoides","Fungi,Ascomycota,Saccharomycetes,Saccharomycetales,Debaryomycetaceae,Kurtzmaniella,Candida_boleticola",2
"Candida_zeylanoides","Fungi,Ascomycota,Saccharomycetes,Saccharomycetales,Dipodascaceae,Geotrichum,Geotrichum_candidum",1
"Cortinarius_globuliformis_CM4","Fungi,Basidiomycota,Agaricomycetes,Agaricales,Cortinariaceae,Cortinarius,Cortinarius_globuliformis_CM4",196
"Cortinarius_globuliformis_CM4","Fungi,Basidiomycota,Tremellomycetes,Tremellales,Cryptococcaceae,Cryptococcus,Cryptococcus_neoformans_VN_IIII",1
"Cortinarius_globuliformis_CM4","Fungi,Ascomycota,Pezizomycetes,Pezizales,Tuberaceae,Tuber,Tuber_brumale",6
"Cortinarius_globuliformis_CM4","Fungi,Ascomycota,Saccharomycetes,Saccharomycetales,Trichomonascaceae,Blastobotrys,Blastobotrys_proliferans",10
"Cortinarius_globuliformis_CM4","Fungi,Ascomycota,Saccharomycetes,Saccharomycetales,Saccharomycetaceae,Kluyveromyces,Kluyveromyces_marxianus",1
"Cortinarius_globuliformis_CM4","Fungi,Ascomycota,Leotiomycetes,Erysiphales,Erysiphaceae,Erysiphe_,Erysiphe_necator",1
"Cortinarius_globuliformis_CM4","Fungi,Basidiomycota,Pucciniomycetes,Pucciniales,Pucciniaceae,Puccinia,Puccinia_graminis",1
"Cryptococcus_gattii_VG_I","Fungi,Basidiomycota,Tremellomycetes,Tremellales,Cryptococcaceae,Cryptococcus,Cryptococcus_gattii_VG_I",510
"Cryptococcus_gattii_VG_I","Fungi,Basidiomycota,Tremellomycetes,Tremellales,Cryptococcaceae,Cryptococcus,Cryptococcus_neoformans_VN_IIII",6
"Cryptococcus_gattii_VG_I","Fungi,Basidiomycota,Exobasidiomycetes,Micostromatales,Quambalariaceae,Quambalaria,Quambalaria_cyanescens_CCL055",1
"Cryptococcus_gattii_VG_I","Fungi,Basidiomycota,Pucciniomycetes,Pucciniales,Sphaerophragmiaceae,Austropuccinia_,Austropuccinia_psidii",1
"Cryptococcus_gattii_VG_I","Fungi,Ascomycota,Dothidiomycetes,Pleosporales,Pleosporaceae,Pyrenophora,Pyrenophora_tritici-repentis",1
"Cryptococcus_neoformans_VN_IIII","Fungi,Basidiomycota,Tremellomycetes,Tremellales,Cryptococcaceae,Cryptococcus,Cryptococcus_neoformans_VN_IIII",528
"Cryptococcus_neoformans_VN_IIII","Fungi,Ascomycota,Saccharomycetes,Saccharomycetales,Debaryomycetaceae,Candida,Candida_parapsilosis",1
"Cryptococcus_neoformans_VN_IIII","Fungi,Ascomycota,Sordariomycetes,Diaporthales,Diaporthaceae,Diaporthe,Diaporthe_sp_CCL067",1
"Cryptococcus_neoformans_VN_IIII","Fungi,Ascomycota,Saccharomycetes,Saccharomycetales,Debaryomycetaceae,Kodamaea,Kodamaea_ohmeri",1
"Cryptococcus_neoformans_VN_IIII","Fungi,Ascomycota,Saccharomycetes,Saccharomycetales,Debaryomycetaceae,Kurtzmaniella,Candida_boleticola",1
"Cryptococcus_neoformans_VN_IIII","Fungi,Ascomycota,Saccharomycetes,Saccharomycetales,Trichomonascaceae,Blastobotrys,Blastobotrys_proliferans",1
"Cryptococcus_neoformans_VN_IIII","Fungi,Ascomycota,Saccharomycetes,Saccharomycetales,Debaryomycetaceae,Suhomyces,Candida_caryicola",1
"Cryptovalsa_ampelina","Fungi,Ascomycota,Sordariomycetes,Xylariales,Diatrypaceae,Cryptovalsa,Cryptovalsa_ampelina",381
"Cryptovalsa_ampelina","Fungi,Ascomycota,Dothidiomycetes,Mycosphaerellales,Mycosphaerellaceae,Zymoseptoria,Zymoseptoria_tritici",1
"Cryptovalsa_ampelina","Fungi,Ascomycota,Pezizomycetes,Helotiales,Sclerotiniaceae,Sclerotinia,Sclerotinia_sclerotiorum",1
"Cryptovalsa_ampelina","Fungi,Ascomycota,Leotiomycetes,Erysiphales,Erysiphaceae,Erysiphe_,Erysiphe_necator",1
"Cryptovalsa_ampelina","Fungi,Ascomycota,Saccharomycetes,Saccharomycetales,Saccharomycetales_incertae_sedis,Diutina,Candida_catenulata",1
"Diaporthe_sp_CCL067","Fungi,Ascomycota,Sordariomycetes,Diaporthales,Diaporthaceae,Diaporthe,Diaporthe_sp_CCL067",657
"Diaporthe_sp_CCL067","Fungi,Ascomycota,Sordariomycetes,Hypocreales,Nectriaceae,Fusarium,Fusarium_pseudograminearum",1
"Diplodia_seriata","Fungi,Ascomycota,Dothidiomycetes,Botryosphaeriales,Botryosphaeriaceae,Diplodia,Diplodia_seriata",736
"Diplodia_seriata","Fungi,Ascomycota,Saccharomycetes,Saccharomycetales,Saccharomycetaceae,Kluyveromyces,Kluyveromyces_marxianus",1
"Diplodia_seriata","Fungi,Ascomycota,Saccharomycetes,Saccharomycetales,Phaffomycetaceae,Wickerhamomyces,Wickerhamomyces_anomalus",1
"Diplodia_seriata","Fungi,Ascomycota,Saccharomycetes,Saccharomycetales,Pichiaeceae,Pichia,Pichia_kudriavzevii",2
"Diplodia_seriata","Fungi,Basidiomycota,Pucciniomycetes,Pucciniales,Pucciniaceae,Puccinia,Puccinia_triticina",1
"Diplodia_seriata","Fungi,Ascomycota,Saccharomycetes,Saccharomycetales,Debaryomycetaceae,Kurtzmaniella,Candida_zeylanoides",1
"Entoleuca_sp_CCL052","Fungi,Ascomycota,Sordariomycetes,Xylariales,Xylariaceae,Entoleuca,Entoleuca_sp_CCL052",680
"Entoleuca_sp_CCL052","Fungi,Ascomycota,Leotiomycetes,Helotiales,Sclerotiniaceae,Botrytis,Botrytis_cinerea",1
"Entoleuca_sp_CCL052","Fungi,Ascomycota,Saccharomycetes,Saccharomycetales,Saccharomycetaceae,Kluyveromyces,Kluyveromyces_marxianus",1
"Entoleuca_sp_CCL052","Fungi,Ascomycota,Saccharomycetes,Saccharomycetales,Debaryomycetaceae,Kurtzmaniella,Candida_zeylanoides",1
"Erysiphe_necator","Fungi,Ascomycota,Leotiomycetes,Erysiphales,Erysiphaceae,Erysiphe_,Erysiphe_necator",592
"Erysiphe_necator","Fungi,Ascomycota,Eurotiomycetes,Eurotiales,Aspergillaceae,Penicillium,Penicillium_chrysogenum",5
"Erysiphe_necator","Fungi,Ascomycota,Dothidiomycetes,Pleosporales,Pleosporaceae,Pyrenophora,Pyrenophora_tritici-repentis",13
"Erysiphe_necator","Fungi,Ascomycota,Sordariomycetes,Hypocreales,Nectriaceae,Fusarium,Fusarium_pseudograminearum",6
"Erysiphe_necator","Fungi,Ascomycota,Sordariomycetes,Hypocreales,Nectriaceae,Fusarium,Fusarium_proliferatum",4
"Erysiphe_necator","Fungi,Ascomycota,Eurotiomycetes,Eurotiales,Aspergillaceae,Aspergillus_,Aspergillus_fumigatus",2
"Erysiphe_necator","Fungi,Ascomycota,Saccharomycetes,Saccharomycetales,Phaffomycetaceae,Wickerhamomyces,Wickerhamomyces_anomalus",1
"Erysiphe_necator","Fungi,Ascomycota,Saccharomycetes,Saccharomycetales,Trichomonascaceae,Blastobotrys,Blastobotrys_adeninivorans",1
"Erysiphe_necator","Fungi,Ascomycota,Sordariomycetes,Xylariales,Diatrypaceae,Cryptovalsa,Cryptovalsa_ampelina",1
"Eutypa_lata","Fungi,Ascomycota,Sordariomycetes,Xylariales,Diatrypaceae,Eutypa,Eutypa_lata",238
"Eutypa_lata","Fungi,Ascomycota,Saccharomycetes,Saccharomycetales,Dipodascaceae,Yarrowia_,Yarrowia_lipolytica",1
"Fusarium_proliferatum","Fungi,Ascomycota,Sordariomycetes,Hypocreales,Nectriaceae,Fusarium,Fusarium_proliferatum",496
"Fusarium_proliferatum","Fungi,Ascomycota,Sordariomycetes,Hypocreales,Nectriaceae,Fusarium,Fusarium_pseudograminearum",4
"Fusarium_proliferatum","Fungi,Ascomycota,Saccharomycetes,Saccharomycetales,Debaryomycetaceae,Candida,Candida_metapsilosis",1
"Fusarium_pseudograminearum","Fungi,Ascomycota,Sordariomycetes,Hypocreales,Nectriaceae,Fusarium,Fusarium_pseudograminearum",460
"Fusarium_pseudograminearum","Fungi,Basidiomycota,PucciFniomycetes,Pucciniales,Pucciniaceae,Puccinia,Puccinia_striiformis_var_tritici",1
"Fusarium_pseudograminearum","Fungi,Ascomycota,Saccharomycetes,Saccharomycetales,Debaryomycetaceae,Yamadazyma,Yamadazyma_scolyti",4
"Fusarium_pseudograminearum","Fungi,Ascomycota,Sordariomycetes,Hypocreales,Nectriaceae,Fusarium,Fusarium_proliferatum",2
"Fusarium_pseudograminearum","Fungi,Ascomycota,Sordariomycetes,Diaporthales,Diaporthaceae,Diaporthe,Diaporthe_sp_CCL067",1
"Fusarium_pseudograminearum","Fungi,Ascomycota,Saccharomycetes,Saccharomycetales,Debaryomycetaceae,Candida,Candida_parapsilosis",1
"Geotrichum_candidum","Fungi,Ascomycota,Saccharomycetes,Saccharomycetales,Dipodascaceae,Geotrichum,Geotrichum_candidum",482
"Geotrichum_candidum","Fungi,Basidiomycota,Tremellomycetes,Tremellales,Cryptococcaceae,Cryptococcus,Cryptococcus_neoformans_VN_IIII",1
"Kluyveromyces_lactis","Fungi,Ascomycota,Saccharomycetes,Saccharomycetales,Saccharomycetaceae,Kluyveromyces,Kluyveromyces_lactis",346
"Kluyveromyces_lactis","Fungi,Ascomycota,Sordariomycetes,Xylariales,Xylariaceae,Entoleuca,Entoleuca_sp_CCL052",1
"Kluyveromyces_lactis","Fungi,Ascomycota,Saccharomycetes,Saccharomycetales,Debaryomycetaceae,Candida,Candida_parapsilosis",1
"Kluyveromyces_marxianus","Fungi,Ascomycota,Saccharomycetes,Saccharomycetales,Saccharomycetaceae,Kluyveromyces,Kluyveromyces_marxianus",295
"Kodamaea_ohmeri","Fungi,Ascomycota,Saccharomycetes,Saccharomycetales,Debaryomycetaceae,Kodamaea,Kodamaea_ohmeri",270
"Kodamaea_ohmeri","Fungi,Ascomycota,Saccharomycetes,Saccharomycetales,Trichomonascaceae,Blastobotrys,Blastobotrys_adeninivorans",1
"Kodamaea_ohmeri","Fungi,Ascomycota,Saccharomycetes,Saccharomycetales,Saccharomycetales_incertae_sedis,Diutina,Candida_catenulata",1
"Leptosphaeria_maculans","Fungi,Ascomycota,Dothidiomycetes,Pleosporales,Leptosphaeriacae,Leptosphaeria,Leptosphaeria_maculans",385
"Leptosphaeria_maculans","Fungi,Basidiomycota,Pucciniomycetes,Pucciniales,Sphaerophragmiaceae,Austropuccinia_,Austropuccinia_psidii",1
"Penicillium_chrysogenum","Fungi,Ascomycota,Eurotiomycetes,Eurotiales,Aspergillaceae,Penicillium,Penicillium_chrysogenum",307
"Pichia_kudriavzevii","Fungi,Ascomycota,Saccharomycetes,Saccharomycetales,Pichiaeceae,Pichia,Pichia_kudriavzevii",214
"Pichia_kudriavzevii","Fungi,Ascomycota,Saccharomycetes,Saccharomycetales,Saccharomycetaceae,Kluyveromyces,Kluyveromyces_lactis",1
"Pichia_kudriavzevii","Fungi,Ascomycota,Saccharomycetes,Saccharomycetales,Debaryomycetaceae,Kodamaea,Kodamaea_ohmeri",1
"Pichia_membranifaciens","Fungi,Ascomycota,Saccharomycetes,Saccharomycetales,Pichiaeceae,Pichia,Pichia_membranifaciens",618
"Pichia_membranifaciens","Fungi,Basidiomycota,Agaricomycetes,Agaricales,Cortinariaceae,Cortinarius,Cortinarius_globuliformis_CM4",1
"Pichia_membranifaciens","Fungi,Ascomycota,Saccharomycetes,Saccharomycetales,Dipodascaceae,Geotrichum,Geotrichum_candidum",1
"Pichia_membranifaciens","Fungi,Basidiomycota,Pucciniomycetes,Pucciniales,Sphaerophragmiaceae,Austropuccinia_,Austropuccinia_psidii",1
"Pichia_membranifaciens","Fungi,Ascomycota,Sordariomycetes,Microascales,Microascaceae,Scedosporium,Scedosporium_boydii",1
"Pichia_membranifaciens","Fungi,Ascomycota,Saccharomycetes,Saccharomycetales,Saccharomycetaceae,Kluyveromyces,Kluyveromyces_marxianus",1
"Puccinia_graminis","Fungi,Basidiomycota,Pucciniomycetes,Pucciniales,Pucciniaceae,Puccinia,Puccinia_graminis",679
"Puccinia_graminis","Fungi,Ascomycota,Dothidiomycetes,Mycosphaerellales,Mycosphaerellaceae,Zymoseptoria,Zymoseptoria_tritici",3
"Puccinia_graminis","Fungi,Basidiomycota,Pucciniomycetes,Pucciniales,Pucciniaceae,Puccinia,Puccinia_triticina",12
"Puccinia_graminis","Fungi,Ascomycota,Saccharomycetes,Saccharomycetales,Saccharomycetaceae,Kluyveromyces,Kluyveromyces_lactis",1
"Puccinia_graminis","Fungi,Ascomycota,Saccharomycetes,Saccharomycetales,Debaryomycetaceae,Yamadazyma,Yamadazyma_scolyti",1
"Puccinia_graminis","Fungi,Ascomycota,Pezizomycetes,Pezizales,Tuberaceae,Tuber,Tuber_brumale",1
"Puccinia_graminis","Fungi,Ascomycota,Leotiomycetes,Helotiales,Sclerotiniaceae,Botrytis,Botrytis_fabae",1
"Puccinia_graminis","Fungi,Basidiomycota,Exobasidiomycetes,Micostromatales,Quambalariaceae,Quambalaria,Quambalaria_cyanescens_CCL055",2
"Puccinia_graminis","Fungi,Basidiomycota,Tremellomycetes,Trichosporonales,Trichosporonaceae,Trichosporon,Trichosporon_asahii",1
"Puccinia_striiformis_var_tritici","Fungi,Basidiomycota,PucciFniomycetes,Pucciniales,Pucciniaceae,Puccinia,Puccinia_striiformis_var_tritici",233
"Puccinia_striiformis_var_tritici","Fungi,Ascomycota,Dothidiomycetes,Mycosphaerellales,Mycosphaerellaceae,Zymoseptoria,Zymoseptoria_tritici",1
"Puccinia_striiformis_var_tritici","Fungi,Basidiomycota,Pucciniomycetes,Pucciniales,Pucciniaceae,Puccinia,Puccinia_triticina",2
"Puccinia_triticina","Fungi,Basidiomycota,Pucciniomycetes,Pucciniales,Pucciniaceae,Puccinia,Puccinia_triticina",310
"Puccinia_triticina","Fungi,Ascomycota,Dothidiomycetes,Mycosphaerellales,Mycosphaerellaceae,Zymoseptoria,Zymoseptoria_tritici",1
"Puccinia_triticina","Fungi,Basidiomycota,Ustilaginomyces,Ustilaginales,Ustilaginaceae,Sporisorium,Sporisorium_scitamineum",1
"Puccinia_triticina","Fungi,Ascomycota,Sordariomycetes,Xylariales,Xylariaceae,Entoleuca,Entoleuca_sp_CCL052",1
"Pyrenophora_tritici-repentis","Fungi,Ascomycota,Dothidiomycetes,Pleosporales,Pleosporaceae,Pyrenophora,Pyrenophora_tritici-repentis",373
"Pyrenophora_tritici-repentis","Fungi,Ascomycota,Saccharomycetes,Saccharomycetales,Debaryomycetaceae,Kurtzmaniella,Candida_boleticola",1
"Quambalaria_cyanescens_CCL055","Fungi,Basidiomycota,Exobasidiomycetes,Micostromatales,Quambalariaceae,Quambalaria,Quambalaria_cyanescens_CCL055",301
"Quambalaria_cyanescens_CCL055","Fungi,Ascomycota,Saccharomycetes,Saccharomycetales,Dipodascaceae,Geotrichum,Geotrichum_candidum",1
"Rhodotorula_mucilaginosa","Fungi,Basidiomycota,Microbotryomycetes,Sporidiobolales,Sporidiobolaceae,Rhodotorula,Rhodotorula_mucilaginosa",619
"Rhodotorula_mucilaginosa","Fungi,Ascomycota,Saccharomycetes,Saccharomycetales,Debaryomycetaceae,Suhomyces,Candida_caryicola",1
"Rhodotorula_mucilaginosa","Fungi,Ascomycota,Eurotiomycetes,Eurotiales,Aspergillaceae,Penicillium,Penicillium_chrysogenum",1
"Scedosporium_aurantiacum","Fungi,Ascomycota,Sordariomycetes,Microascales,Microascaceae,Scedosporium,Scedosporium_aurantiacum",204
"Scedosporium_aurantiacum","Fungi,Ascomycota,Sordariomycetes,Microascales,Microascaceae,Scedosporium,Scedosporium_boydii",3
"Scedosporium_aurantiacum","Fungi,Ascomycota,Pezizomycetes,Helotiales,Sclerotiniaceae,Sclerotinia,Sclerotinia_sclerotiorum",1
"Scedosporium_boydii","Fungi,Ascomycota,Sordariomycetes,Microascales,Microascaceae,Scedosporium,Scedosporium_boydii",271
"Sclerotinia_sclerotiorum","Fungi,Ascomycota,Pezizomycetes,Helotiales,Sclerotiniaceae,Sclerotinia,Sclerotinia_sclerotiorum",715
"Sclerotinia_sclerotiorum","Fungi,Basidiomycota,Exobasidiomycetes,Micostromatales,Quambalariaceae,Quambalaria,Quambalaria_cyanescens_CCL055",2
"Sclerotinia_sclerotiorum","Fungi,Ascomycota,Leotiomycetes,Helotiales,Sclerotiniaceae,Botrytis,Botrytis_cinerea",9
"Sclerotinia_sclerotiorum","Fungi,Ascomycota,Leotiomycetes,Helotiales,Sclerotiniaceae,Botrytis,Botrytis_fabae",1
"Sclerotinia_sclerotiorum","Fungi,Basidiomycota,Agaricomycetes,Agaricales,Cortinariaceae,Cortinarius,Cortinarius_globuliformis_CM4",5
"Sclerotinia_sclerotiorum","Fungi,Ascomycota,Sordariomycetes,Hypocreales,Nectriaceae,Fusarium,Fusarium_proliferatum",1
"Sclerotinia_sclerotiorum","Fungi,Ascomycota,Saccharomycetes,Saccharomycetales,Saccharomycetales_incertae_sedis,Diutina,Candida_catenulata",1
"Sclerotinia_sclerotiorum","Fungi,Ascomycota,Saccharomycetes,Saccharomycetales,Dipodascaceae,Geotrichum,Geotrichum_candidum",1
"Sporisorium_scitamineum","Fungi,Basidiomycota,Ustilaginomyces,Ustilaginales,Ustilaginaceae,Sporisorium,Sporisorium_scitamineum",233
"Sporisorium_scitamineum","Fungi,Ascomycota,Sordariomycetes,Sordariomycetes_insertae_sedis_,Sordariomycetes_insertae_sedis_,Asteroma,Asteroma_sp_CCL060",11
"Sporisorium_scitamineum","Fungi,Ascomycota,Sordariomycetes,Xylariales,Diatrypaceae,Cryptovalsa,Cryptovalsa_ampelina",11
"Sporisorium_scitamineum","Fungi,Ascomycota,Saccharomycetes,Saccharomycetales,Debaryomycetaceae,Kurtzmaniella,Candida_boleticola",2
"Sporisorium_scitamineum","Fungi,Ascomycota,Dothidiomycetes,Mycosphaerellales,Mycosphaerellaceae,Zymoseptoria,Zymoseptoria_tritici",1
"Sporisorium_scitamineum","Fungi,Ascomycota,Sordariomycetes,Hypocreales,Nectriaceae,Fusarium,Fusarium_pseudograminearum",1
"Sporisorium_scitamineum","Fungi,Ascomycota,Saccharomycetes,Saccharomycetales,Debaryomycetaceae,Kodamaea,Kodamaea_ohmeri",1
"Sporisorium_scitamineum","Fungi,Ascomycota,Leotiomycetes,Erysiphales,Erysiphaceae,Erysiphe_,Erysiphe_necator",1
"Sporisorium_scitamineum","Fungi,Basidiomycota,Pucciniomycetes,Pucciniales,Pucciniaceae,Puccinia,Puccinia_graminis",1
"Trichomonascus_ciferrii","Fungi,Ascomycota,Saccharomycetes,Saccharomycetales,Trichomonascaceae,Trichomonascus,Trichomonascus_ciferrii",252
"Trichosporon_asahii","Fungi,Basidiomycota,Tremellomycetes,Trichosporonales,Trichosporonaceae,Trichosporon,Trichosporon_asahii",525
"Trichosporon_asahii","Fungi,Ascomycota,Saccharomycetes,Saccharomycetales,Debaryomycetaceae,Candida,Candida_parapsilosis",1
"Tuber_brumale","Fungi,Ascomycota,Pezizomycetes,Pezizales,Tuberaceae,Tuber,Tuber_brumale",398
"Tuber_brumale","Fungi,Ascomycota,Leotiomycetes,Helotiales,Sclerotiniaceae,Botrytis,Botrytis_fabae",1
"Tuber_brumale","Fungi,Ascomycota,Saccharomycetes,Saccharomycetales,Pichiaeceae,Pichia,Pichia_membranifaciens",1
"Tuber_brumale","Fungi,Ascomycota,Saccharomycetes,Saccharomycetales,Debaryomycetaceae,Candida,Candida_metapsilosis",1
"Wickerhamomyces_anomalus","Fungi,Ascomycota,Saccharomycetes,Saccharomycetales,Phaffomycetaceae,Wickerhamomyces,Wickerhamomyces_anomalus",342
"Yamadazyma_mexicana","Fungi,Ascomycota,Saccharomycetes,Saccharomycetales,Debaryomycetaceae,Yamadazyma,Yamadazyma_mexicana",416
"Yamadazyma_scolyti","Fungi,Ascomycota,Saccharomycetes,Saccharomycetales,Debaryomycetaceae,Yamadazyma,Yamadazyma_scolyti",357
"Yarrowia_lipolytica","Fungi,Ascomycota,Saccharomycetes,Saccharomycetales,Dipodascaceae,Yarrowia_,Yarrowia_lipolytica",350
"Zymoseptoria_tritici","Fungi,Ascomycota,Dothidiomycetes,Mycosphaerellales,Mycosphaerellaceae,Zymoseptoria,Zymoseptoria_tritici",212
"Zymoseptoria_tritici","Fungi,Ascomycota,Saccharomycetes,Saccharomycetales,Dipodascaceae,Geotrichum,Geotrichum_candidum",1
"Zymoseptoria_tritici","Fungi,Basidiomycota,PucciFniomycetes,Pucciniales,Pucciniaceae,Puccinia,Puccinia_striiformis_var_tritici",1
"Zymoseptoria_tritici","Fungi,Basidiomycota,Ustilaginomyces,Ustilaginales,Ustilaginaceae,Sporisorium,Sporisorium_scitamineum",1
