"Aspergillus_flavus","Fungi,Ascomycota,Saccharomycetes,Saccharomycetales,Pichiaeceae,Pichia,Pichia_kudriavzevii",1.0
"Aspergillus_flavus","Fungi,Ascomycota,Saccharomycetes,Saccharomycetales,Dipodascaceae,Yarrowia_,Yarrowia_lipolytica",2.0
"Aspergillus_flavus","Fungi,Ascomycota,Eurotiomycetes,Eurotiales,Aspergillaceae,Aspergillus_,Aspergillus_flavus",165.99567100894117
"Aspergillus_flavus","Fungi,Ascomycota,Eurotiomycetes,Eurotiales,Aspergillaceae,Penicillium,Penicillium_chrysogenum",1.0043289910588233
"Aspergillus_flavus","Fungi,Basidiomycota,Microbotryomycetes,Sporidiobolales,Sporidiobolaceae,Rhodotorula,Rhodotorula_mucilaginosa",1.0
"Aspergillus_flavus","Fungi,Basidiomycota,Tremellomycetes,Trichosporonales,Trichosporonaceae,Trichosporon,Trichosporon_asahii",1.0
"Aspergillus_flavus","Fungi,Ascomycota,Saccharomycetes,Saccharomycetales,Debaryomycetaceae,Suhomyces,Candida_caryicola",1.0
"Aspergillus_fumigatus","Fungi,Ascomycota,Eurotiomycetes,Eurotiales,Aspergillaceae,Aspergillus_,Aspergillus_flavus",138.13316899447656
"Aspergillus_fumigatus","Fungi,Ascomycota,Eurotiomycetes,Eurotiales,Aspergillaceae,Penicillium,Penicillium_chrysogenum",23.86682933254384
"Aspergillus_fumigatus","Fungi,Basidiomycota,Microbotryomycetes,Sporidiobolales,Sporidiobolaceae,Rhodotorula,Rhodotorula_mucilaginosa",2.0
"Aspergillus_fumigatus","Fungi,Ascomycota,Saccharomycetes,Saccharomycetales,Debaryomycetaceae,Kurtzmaniella,Candida_boleticola",1.0
"Aspergillus_fumigatus","Fungi,Basidiomycota,Ustilaginomyces,Ustilaginales,Ustilaginaceae,Sporisorium,Sporisorium_scitamineum",1.0
"Aspergillus_fumigatus","Fungi,Ascomycota,Pezizomycetes,Pezizales,Tuberaceae,Tuber,Tuber_brumale",1.0
"Aspergillus_fumigatus","Fungi,Ascomycota,Saccharomycetes,Saccharomycetales,Debaryomycetaceae,Suhomyces,Candida_caryicola",21.0
"Aspergillus_fumigatus","Fungi,Ascomycota,Saccharomycetes,Saccharomycetales,Debaryomycetaceae,Candida,Candida_metapsilosis",4.0
"Aspergillus_fumigatus","Fungi,Ascomycota,Saccharomycetes,Saccharomycetales,Trichomonascaceae,Blastobotrys,Blastobotrys_adeninivorans",1.0
"Aspergillus_fumigatus","Fungi,Ascomycota,Eurotiomycetes,Eurotiales,Aspergillaceae,Aspergillus_,Aspergillus_fumigatus",273.0000016729796
"Aspergillus_fumigatus","Fungi,Ascomycota,Dothidiomycetes,Mycosphaerellales,Mycosphaerellaceae,Zymoseptoria,Zymoseptoria_tritici",1.0
"Aspergillus_fumigatus","Fungi,Ascomycota,Saccharomycetes,Saccharomycetales,Dipodascaceae,Geotrichum,Geotrichum_candidum",1.0
"Asteroma_sp_CCL060","Fungi,Ascomycota,Saccharomycetes,Saccharomycetales,Pichiaeceae,Pichia,Pichia_kudriavzevii",1.0
"Asteroma_sp_CCL060","Fungi,Ascomycota,Dothidiomycetes,Botryosphaeriales,Botryosphaeriaceae,Diplodia,Diplodia_seriata",1.0
"Asteroma_sp_CCL060","Fungi,Ascomycota,Sordariomycetes,Sordariomycetes_insertae_sedis_,Sordariomycetes_insertae_sedis_,Asteroma,Asteroma_sp_CCL060",386.0
"Austropuccinia_psidii","Fungi,Ascomycota,Eurotiomycetes,Eurotiales,Aspergillaceae,Aspergillus_,Aspergillus_flavus",1.0
"Austropuccinia_psidii","Fungi,Basidiomycota,Pucciniomycetes,Pucciniales,Sphaerophragmiaceae,Austropuccinia_,Austropuccinia_psidii",374.0
"Blastobotrys_adeninivorans","Fungi,Ascomycota,Saccharomycetes,Saccharomycetales,Trichomonascaceae,Blastobotrys,Blastobotrys_adeninivorans",261.0
"Blastobotrys_proliferans","Fungi,Ascomycota,Saccharomycetes,Saccharomycetales,Trichomonascaceae,Blastobotrys,Blastobotrys_proliferans",216.0
"Blastobotrys_proliferans","Fungi,Ascomycota,Saccharomycetes,Saccharomycetales,Debaryomycetaceae,Kurtzmaniella,Candida_boleticola",1.0
"Botrytis_cinerea","Fungi,Basidiomycota,Tremellomycetes,Tremellales,Cryptococcaceae,Cryptococcus,Cryptococcus_neoformans_VN_IIII",1.0
"Botrytis_cinerea","Fungi,Ascomycota,Sordariomycetes,Diaporthales,Diaporthaceae,Diaporthe,Diaporthe_sp_CCL067",1.0
"Botrytis_cinerea","Fungi,Ascomycota,Leotiomycetes,Helotiales,Sclerotiniaceae,Botrytis,Botrytis_cinerea",461.0
"Botrytis_cinerea","Fungi,Ascomycota,Saccharomycetes,Saccharomycetales,Dipodascaceae,Geotrichum,Geotrichum_candidum",1.0
"Botrytis_fabae","Fungi,Ascomycota,Saccharomycetes,Saccharomycetales,Debaryomycetaceae,Candida,Candida_parapsilosis",1.0
"Botrytis_fabae","Fungi,Ascomycota,Sordariomycetes,Diaporthales,Diaporthaceae,Diaporthe,Diaporthe_sp_CCL067",1.0
"Botrytis_fabae","Fungi,Ascomycota,Leotiomycetes,Helotiales,Sclerotiniaceae,Botrytis,Botrytis_fabae",205.0
"Botrytis_fabae","Fungi,Ascomycota,Saccharomycetes,Saccharomycetales,Trichomonascaceae,Blastobotrys,Blastobotrys_adeninivorans",1.0
"Botrytis_fabae","Fungi,Ascomycota,Sordariomycetes,Hypocreales,Nectriaceae,Fusarium,Fusarium_proliferatum",1.0
"Candida_boleticola","Fungi,Ascomycota,Saccharomycetes,Saccharomycetales,Debaryomycetaceae,Candida,Candida_parapsilosis",7.000163293581046
"Candida_boleticola","Fungi,Ascomycota,Saccharomycetes,Saccharomycetales,Debaryomycetaceae,Kurtzmaniella,Candida_zeylanoides",3.0147281143434466
"Candida_boleticola","Fungi,Ascomycota,Saccharomycetes,Saccharomycetales,Debaryomycetaceae,Kurtzmaniella,Candida_boleticola",201.98508526442106
"Candida_boleticola","Fungi,Ascomycota,Saccharomycetes,Saccharomycetales,Saccharomycetales_incertae_sedis,Diutina,Candida_catenulata",4.0
"Candida_boleticola","Fungi,Basidiomycota,Pucciniomycetes,Pucciniales,Sphaerophragmiaceae,Austropuccinia_,Austropuccinia_psidii",1.0
"Candida_boleticola","Fungi,Ascomycota,Saccharomycetes,Saccharomycetales,Debaryomycetaceae,Candida,Candida_metapsilosis",1.0000233276544352
"Candida_caryicola","Fungi,Ascomycota,Saccharomycetes,Saccharomycetales,Debaryomycetaceae,Kurtzmaniella,Candida_zeylanoides",1.0020644077251701
"Candida_caryicola","Fungi,Ascomycota,Saccharomycetes,Saccharomycetales,Debaryomycetaceae,Suhomyces,Candida_caryicola",216.9979355922748
"Candida_catenulata","Fungi,Basidiomycota,Pucciniomycetes,Pucciniales,Pucciniaceae,Puccinia,Puccinia_graminis",1.0
"Candida_catenulata","Fungi,Ascomycota,Saccharomycetes,Saccharomycetales,Saccharomycetales_incertae_sedis,Diutina,Candida_catenulata",225.0
"Candida_dubliniensis","Fungi,Ascomycota,Saccharomycetes,Saccharomycetales,Debaryomycetaceae,Candida,Candida_dubliniensis",218.0
"Candida_glabrata","Fungi,Ascomycota,Saccharomycetes,Saccharomycetales,Pichiaeceae,Pichia,Pichia_kudriavzevii",21.0
"Candida_glabrata","Fungi,Ascomycota,Saccharomycetes,Saccharomycetales,Saccharomycetaceae,Kluyveromyces,Kluyveromyces_marxianus",4.524028260281728
"Candida_glabrata","Fungi,Ascomycota,Saccharomycetes,Saccharomycetales,Dipodascaceae,Yarrowia_,Yarrowia_lipolytica",32.0
"Candida_glabrata","Fungi,Ascomycota,Saccharomycetes,Saccharomycetales,Saccharomycetaceae,Nakaseomyces,Candida_glabrata",432.8129748721191
"Candida_glabrata","Fungi,Ascomycota,Saccharomycetes,Saccharomycetales,Debaryomycetaceae,Kurtzmaniella,Candida_zeylanoides",4.252617377379581
"Candida_glabrata","Fungi,Ascomycota,Saccharomycetes,Saccharomycetales,Saccharomycetaceae,Kluyveromyces,Kluyveromyces_lactis",2.5030975900743737
"Candida_glabrata","Fungi,Ascomycota,Saccharomycetes,Saccharomycetales,Trichomonascaceae,Trichomonascus,Trichomonascus_ciferrii",1.0
"Candida_glabrata","Fungi,Ascomycota,Saccharomycetes,Saccharomycetales,Debaryomycetaceae,Kurtzmaniella,Candida_boleticola",1.758933192838043
"Candida_glabrata","Fungi,Basidiomycota,Tremellomycetes,Trichosporonales,Trichosporonaceae,Trichosporon,Trichosporon_asahii",10.0
"Candida_glabrata","Fungi,Ascomycota,Saccharomycetes,Saccharomycetales,Debaryomycetaceae,Suhomyces,Candida_caryicola",30.146056162547676
"Candida_glabrata","Fungi,Ascomycota,Saccharomycetes,Saccharomycetales,Trichomonascaceae,Blastobotrys,Blastobotrys_adeninivorans",1.0000003307604306
"Candida_glabrata","Fungi,Ascomycota,Saccharomycetes,Saccharomycetales,Debaryomycetaceae,Yamadazyma,Yamadazyma_mexicana",3.002292213999074
"Candida_metapsilosis","Fungi,Ascomycota,Saccharomycetes,Saccharomycetales,Saccharomycetaceae,Kluyveromyces,Kluyveromyces_marxianus",1.0025252525252526
"Candida_metapsilosis","Fungi,Ascomycota,Saccharomycetes,Saccharomycetales,Debaryomycetaceae,Candida,Candida_parapsilosis",1.018872369297867
"Candida_metapsilosis","Fungi,Ascomycota,Saccharomycetes,Saccharomycetales,Debaryomycetaceae,Kurtzmaniella,Candida_zeylanoides",1.0027207859519127
"Candida_metapsilosis","Fungi,Ascomycota,Saccharomycetes,Saccharomycetales,Debaryomycetaceae,Candida,Candida_metapsilosis",393.9758815922255
"Candida_parapsilosis","Fungi,Ascomycota,Saccharomycetes,Saccharomycetales,Phaffomycetaceae,Wickerhamomyces,Wickerhamomyces_anomalus",1.0000150797637208
"Candida_parapsilosis","Fungi,Basidiomycota,Tremellomycetes,Tremellales,Cryptococcaceae,Cryptococcus,Cryptococcus_neoformans_VN_IIII",1.0
"Candida_parapsilosis","Fungi,Ascomycota,Saccharomycetes,Saccharomycetales,Debaryomycetaceae,Candida,Candida_parapsilosis",630.9999849202363
"Candida_parapsilosis","Fungi,Basidiomycota,Microbotryomycetes,Sporidiobolales,Sporidiobolaceae,Rhodotorula,Rhodotorula_mucilaginosa",1.0
"Candida_parapsilosis","Fungi,Ascomycota,Leotiomycetes,Erysiphales,Erysiphaceae,Erysiphe_,Erysiphe_necator",2.0
"Candida_parapsilosis","Fungi,Basidiomycota,PucciFniomycetes,Pucciniales,Pucciniaceae,Puccinia,Puccinia_striiformis_var_tritici",1.0
"Candida_tropicalis","Fungi,Ascomycota,Saccharomycetes,Saccharomycetales,Debaryomycetaceae,Candida,Candida_tropicalis",453.0
"Candida_zeylanoides","Fungi,Ascomycota,Saccharomycetes,Saccharomycetales,Debaryomycetaceae,Kurtzmaniella,Candida_zeylanoides",299.0
"Cortinarius_globuliformis_CM4","Fungi,Basidiomycota,Tremellomycetes,Tremellales,Cryptococcaceae,Cryptococcus,Cryptococcus_neoformans_VN_IIII",11.677880662854655
"Cortinarius_globuliformis_CM4","Fungi,Ascomycota,Saccharomycetes,Saccharomycetales,Saccharomycetaceae,Nakaseomyces,Candida_glabrata",2.795739428922815
"Cortinarius_globuliformis_CM4","Fungi,Ascomycota,Leotiomycetes,Erysiphales,Erysiphaceae,Erysiphe_,Erysiphe_necator",1.9039802772659171
"Cortinarius_globuliformis_CM4","Fungi,Ascomycota,Pezizomycetes,Pezizales,Tuberaceae,Tuber,Tuber_brumale",9.50560447554772
"Cortinarius_globuliformis_CM4","Fungi,Basidiomycota,Agaricomycetes,Agaricales,Cortinariaceae,Cortinarius,Cortinarius_globuliformis_CM4",187.10886629330005
"Cortinarius_globuliformis_CM4","Fungi,Ascomycota,Dothidiomycetes,Botryosphaeriales,Botryosphaeriaceae,Diplodia,Diplodia_seriata",1.0079288621088276
"Cryptococcus_gattii_VG_I","Fungi,Ascomycota,Saccharomycetes,Saccharomycetales,Saccharomycetaceae,Kluyveromyces,Kluyveromyces_marxianus",1.0
"Cryptococcus_gattii_VG_I","Fungi,Ascomycota,Saccharomycetes,Saccharomycetales,Saccharomycetaceae,Kluyveromyces,Kluyveromyces_lactis",3.0
"Cryptococcus_gattii_VG_I","Fungi,Basidiomycota,Tremellomycetes,Tremellales,Cryptococcaceae,Cryptococcus,Cryptococcus_gattii_VG_I",503.0
"Cryptococcus_neoformans_VN_IIII","Fungi,Ascomycota,Saccharomycetes,Saccharomycetales,Saccharomycetaceae,Kluyveromyces,Kluyveromyces_marxianus",2.0
"Cryptococcus_neoformans_VN_IIII","Fungi,Ascomycota,Saccharomycetes,Saccharomycetales,Dipodascaceae,Yarrowia_,Yarrowia_lipolytica",1.0
"Cryptococcus_neoformans_VN_IIII","Fungi,Basidiomycota,Tremellomycetes,Tremellales,Cryptococcaceae,Cryptococcus,Cryptococcus_neoformans_VN_IIII",525.0
"Cryptococcus_neoformans_VN_IIII","Fungi,Ascomycota,Saccharomycetes,Saccharomycetales,Trichomonascaceae,Blastobotrys,Blastobotrys_proliferans",1.0
"Cryptococcus_neoformans_VN_IIII","Fungi,Ascomycota,Saccharomycetes,Saccharomycetales,Debaryomycetaceae,Yamadazyma,Yamadazyma_scolyti",1.1710631829179008
"Cryptococcus_neoformans_VN_IIII","Fungi,Ascomycota,Saccharomycetes,Saccharomycetales,Saccharomycetales_incertae_sedis,Diutina,Candida_catenulata",1.0
"Cryptococcus_neoformans_VN_IIII","Fungi,Ascomycota,Saccharomycetes,Saccharomycetales,Debaryomycetaceae,Candida,Candida_metapsilosis",2.8289368170820994
"Cryptovalsa_ampelina","Fungi,Ascomycota,Saccharomycetes,Saccharomycetales,Debaryomycetaceae,Candida,Candida_dubliniensis",1.0
"Cryptovalsa_ampelina","Fungi,Ascomycota,Sordariomycetes,Xylariales,Diatrypaceae,Cryptovalsa,Cryptovalsa_ampelina",387.0
"Diaporthe_sp_CCL067","Fungi,Ascomycota,Saccharomycetes,Saccharomycetales,Pichiaeceae,Pichia,Pichia_kudriavzevii",1.0
"Diaporthe_sp_CCL067","Fungi,Ascomycota,Saccharomycetes,Saccharomycetales,Debaryomycetaceae,Candida,Candida_parapsilosis",1.0000000000508096
"Diaporthe_sp_CCL067","Fungi,Ascomycota,Sordariomycetes,Diaporthales,Diaporthaceae,Diaporthe,Diaporthe_sp_CCL067",657.0
"Diaporthe_sp_CCL067","Fungi,Ascomycota,Sordariomycetes,Xylariales,Diatrypaceae,Cryptovalsa,Cryptovalsa_ampelina",1.0
"Diaporthe_sp_CCL067","Fungi,Ascomycota,Saccharomycetes,Saccharomycetales,Debaryomycetaceae,Candida,Candida_metapsilosis",1.9999999999491904
"Diplodia_seriata","Fungi,Ascomycota,Saccharomycetes,Saccharomycetales,Debaryomycetaceae,Candida,Candida_parapsilosis",1.0013351134846462
"Diplodia_seriata","Fungi,Ascomycota,Leotiomycetes,Erysiphales,Erysiphaceae,Erysiphe_,Erysiphe_necator",1.0013351134846462
"Diplodia_seriata","Fungi,Ascomycota,Pezizomycetes,Pezizales,Tuberaceae,Tuber,Tuber_brumale",1.0013351134846462
"Diplodia_seriata","Fungi,Ascomycota,Dothidiomycetes,Botryosphaeriales,Botryosphaeriaceae,Diplodia,Diplodia_seriata",745.9946595460615
"Diplodia_seriata","Fungi,Ascomycota,Saccharomycetes,Saccharomycetales,Dipodascaceae,Geotrichum,Geotrichum_candidum",1.0013351134846462
"Entoleuca_sp_CCL052","Fungi,Ascomycota,Saccharomycetes,Saccharomycetales,Saccharomycetaceae,Kluyveromyces,Kluyveromyces_marxianus",1.0
"Entoleuca_sp_CCL052","Fungi,Basidiomycota,Microbotryomycetes,Sporidiobolales,Sporidiobolaceae,Rhodotorula,Rhodotorula_mucilaginosa",1.0
"Entoleuca_sp_CCL052","Fungi,Ascomycota,Saccharomycetes,Saccharomycetales,Debaryomycetaceae,Kodamaea,Kodamaea_ohmeri",2.0
"Entoleuca_sp_CCL052","Fungi,Ascomycota,Sordariomycetes,Xylariales,Xylariaceae,Entoleuca,Entoleuca_sp_CCL052",673.0
"Erysiphe_necator","Fungi,Ascomycota,Eurotiomycetes,Eurotiales,Aspergillaceae,Penicillium,Penicillium_chrysogenum",4.0
"Erysiphe_necator","Fungi,Ascomycota,Saccharomycetes,Saccharomycetales,Debaryomycetaceae,Kurtzmaniella,Candida_zeylanoides",1.0000000000001412
"Erysiphe_necator","Fungi,Ascomycota,Saccharomycetes,Saccharomycetales,Debaryomycetaceae,Candida,Candida_dubliniensis",1.0000000000001412
"Erysiphe_necator","Fungi,Ascomycota,Dothidiomycetes,Pleosporales,Pleosporaceae,Pyrenophora,Pyrenophora_tritici-repentis",10.0
"Erysiphe_necator","Fungi,Basidiomycota,Ustilaginomyces,Ustilaginales,Ustilaginaceae,Sporisorium,Sporisorium_scitamineum",1.0
"Erysiphe_necator","Fungi,Ascomycota,Leotiomycetes,Erysiphales,Erysiphaceae,Erysiphe_,Erysiphe_necator",599.5621987026528
"Erysiphe_necator","Fungi,Ascomycota,Eurotiomycetes,Eurotiales,Aspergillaceae,Aspergillus_,Aspergillus_fumigatus",1.4378012973458716
"Erysiphe_necator","Fungi,Ascomycota,Sordariomycetes,Hypocreales,Nectriaceae,Fusarium,Fusarium_proliferatum",8.000000000001018
"Eutypa_lata","Fungi,Ascomycota,Sordariomycetes,Xylariales,Diatrypaceae,Eutypa,Eutypa_lata",238.0
"Fusarium_proliferatum","Fungi,Ascomycota,Saccharomycetes,Saccharomycetales,Debaryomycetaceae,Candida,Candida_dubliniensis",1.0
"Fusarium_proliferatum","Fungi,Ascomycota,Saccharomycetes,Saccharomycetales,Trichomonascaceae,Blastobotrys,Blastobotrys_proliferans",1.0
"Fusarium_proliferatum","Fungi,Ascomycota,Sordariomycetes,Hypocreales,Nectriaceae,Fusarium,Fusarium_proliferatum",502.0
"Fusarium_proliferatum","Fungi,Ascomycota,Saccharomycetes,Saccharomycetales,Dipodascaceae,Geotrichum,Geotrichum_candidum",1.0
"Fusarium_pseudograminearum","Fungi,Ascomycota,Eurotiomycetes,Eurotiales,Aspergillaceae,Penicillium,Penicillium_chrysogenum",1.0
"Fusarium_pseudograminearum","Fungi,Ascomycota,Saccharomycetes,Saccharomycetales,Debaryomycetaceae,Kurtzmaniella,Candida_boleticola",1.0000000243282974
"Fusarium_pseudograminearum","Fungi,Basidiomycota,Tremellomycetes,Trichosporonales,Trichosporonaceae,Trichosporon,Trichosporon_asahii",2.9998614679347133
"Fusarium_pseudograminearum","Fungi,Ascomycota,Sordariomycetes,Hypocreales,Nectriaceae,Fusarium,Fusarium_pseudograminearum",457.9859103345831
"Fusarium_pseudograminearum","Fungi,Basidiomycota,Agaricomycetes,Agaricales,Cortinariaceae,Cortinarius,Cortinarius_globuliformis_CM4",1.0253036164810736
"Fusarium_pseudograminearum","Fungi,Basidiomycota,PucciFniomycetes,Pucciniales,Pucciniaceae,Puccinia,Puccinia_striiformis_var_tritici",1.9748348912559155
"Fusarium_pseudograminearum","Fungi,Ascomycota,Sordariomycetes,Hypocreales,Nectriaceae,Fusarium,Fusarium_proliferatum",1.0140896654168627
"Fusarium_pseudograminearum","Fungi,Ascomycota,Dothidiomycetes,Pleosporales,Leptosphaeriacae,Leptosphaeria,Leptosphaeria_maculans",1.0
"Geotrichum_candidum","Fungi,Ascomycota,Saccharomycetes,Saccharomycetales,Dipodascaceae,Geotrichum,Geotrichum_candidum",484.0
"Kluyveromyces_lactis","Fungi,Ascomycota,Saccharomycetes,Saccharomycetales,Saccharomycetaceae,Kluyveromyces,Kluyveromyces_lactis",348.99362367993854
"Kluyveromyces_lactis","Fungi,Ascomycota,Saccharomycetes,Saccharomycetales,Debaryomycetaceae,Candida,Candida_metapsilosis",1.0063763200614613
"Kluyveromyces_marxianus","Fungi,Ascomycota,Saccharomycetes,Saccharomycetales,Saccharomycetaceae,Kluyveromyces,Kluyveromyces_marxianus",296.0
"Kluyveromyces_marxianus","Fungi,Ascomycota,Saccharomycetes,Saccharomycetales,Trichomonascaceae,Blastobotrys,Blastobotrys_proliferans",1.0
"Kodamaea_ohmeri","Fungi,Ascomycota,Saccharomycetes,Saccharomycetales,Dipodascaceae,Yarrowia_,Yarrowia_lipolytica",1.0
"Kodamaea_ohmeri","Fungi,Ascomycota,Saccharomycetes,Saccharomycetales,Debaryomycetaceae,Kodamaea,Kodamaea_ohmeri",278.0
"Leptosphaeria_maculans","Fungi,Ascomycota,Pezizomycetes,Helotiales,Sclerotiniaceae,Sclerotinia,Sclerotinia_sclerotiorum",1.0
"Leptosphaeria_maculans","Fungi,Ascomycota,Saccharomycetes,Saccharomycetales,Trichomonascaceae,Trichomonascus,Trichomonascus_ciferrii",1.0
"Leptosphaeria_maculans","Fungi,Ascomycota,Dothidiomycetes,Pleosporales,Leptosphaeriacae,Leptosphaeria,Leptosphaeria_maculans",388.0
"Leptosphaeria_maculans","Fungi,Ascomycota,Saccharomycetes,Saccharomycetales,Debaryomycetaceae,Yamadazyma,Yamadazyma_mexicana",1.0
"Penicillium_chrysogenum","Fungi,Ascomycota,Eurotiomycetes,Eurotiales,Aspergillaceae,Penicillium,Penicillium_chrysogenum",304.0
"Penicillium_chrysogenum","Fungi,Ascomycota,Saccharomycetes,Saccharomycetales,Debaryomycetaceae,Suhomyces,Candida_caryicola",1.0
"Pichia_kudriavzevii","Fungi,Ascomycota,Saccharomycetes,Saccharomycetales,Pichiaeceae,Pichia,Pichia_kudriavzevii",212.0
"Pichia_kudriavzevii","Fungi,Ascomycota,Saccharomycetes,Saccharomycetales,Pichiaeceae,Pichia,Pichia_membranifaciens",0.9999999999999999
"Pichia_kudriavzevii","Fungi,Ascomycota,Saccharomycetes,Saccharomycetales,Debaryomycetaceae,Yamadazyma,Yamadazyma_mexicana",0.9999999999999999
"Pichia_membranifaciens","Fungi,Ascomycota,Saccharomycetes,Saccharomycetales,Pichiaeceae,Pichia,Pichia_kudriavzevii",1.0017557472271303
"Pichia_membranifaciens","Fungi,Ascomycota,Saccharomycetes,Saccharomycetales,Pichiaeceae,Pichia,Pichia_membranifaciens",648.9982442527729
"Pichia_membranifaciens","Fungi,Ascomycota,Saccharomycetes,Saccharomycetales,Saccharomycetaceae,Nakaseomyces,Candida_glabrata",1.0
"Pichia_membranifaciens","Fungi,Ascomycota,Sordariomycetes,Microascales,Microascaceae,Scedosporium,Scedosporium_boydii",1.0
"Pichia_membranifaciens","Fungi,Ascomycota,Leotiomycetes,Erysiphales,Erysiphaceae,Erysiphe_,Erysiphe_necator",1.0
"Pichia_membranifaciens","Fungi,Basidiomycota,Tremellomycetes,Trichosporonales,Trichosporonaceae,Trichosporon,Trichosporon_asahii",1.0
"Puccinia_graminis","Fungi,Ascomycota,Saccharomycetes,Saccharomycetales,Saccharomycetaceae,Kluyveromyces,Kluyveromyces_marxianus",1.0
"Puccinia_graminis","Fungi,Ascomycota,Eurotiomycetes,Eurotiales,Aspergillaceae,Aspergillus_,Aspergillus_flavus",1.0
"Puccinia_graminis","Fungi,Basidiomycota,Tremellomycetes,Tremellales,Cryptococcaceae,Cryptococcus,Cryptococcus_neoformans_VN_IIII",1.0
"Puccinia_graminis","Fungi,Basidiomycota,Pucciniomycetes,Pucciniales,Pucciniaceae,Puccinia,Puccinia_graminis",691.9926222083433
"Puccinia_graminis","Fungi,Basidiomycota,PucciFniomycetes,Pucciniales,Pucciniaceae,Puccinia,Puccinia_striiformis_var_tritici",1.007339908848947
"Puccinia_graminis","Fungi,Basidiomycota,Pucciniomycetes,Pucciniales,Sphaerophragmiaceae,Austropuccinia_,Austropuccinia_psidii",1.0000378828079335
"Puccinia_graminis","Fungi,Basidiomycota,Exobasidiomycetes,Micostromatales,Quambalariaceae,Quambalaria,Quambalaria_cyanescens_CCL055",2.0
"Puccinia_graminis","Fungi,Ascomycota,Dothidiomycetes,Pleosporales,Leptosphaeriacae,Leptosphaeria,Leptosphaeria_maculans",1.0
"Puccinia_striiformis_var_tritici","Fungi,Basidiomycota,PucciFniomycetes,Pucciniales,Pucciniaceae,Puccinia,Puccinia_striiformis_var_tritici",236.0
"Puccinia_striiformis_var_tritici","Fungi,Ascomycota,Sordariomycetes,Hypocreales,Nectriaceae,Fusarium,Fusarium_proliferatum",1.0
"Puccinia_striiformis_var_tritici","Fungi,Ascomycota,Dothidiomycetes,Mycosphaerellales,Mycosphaerellaceae,Zymoseptoria,Zymoseptoria_tritici",3.0
"Puccinia_triticina","Fungi,Basidiomycota,PucciFniomycetes,Pucciniales,Pucciniaceae,Puccinia,Puccinia_striiformis_var_tritici",1.0069599409680068
"Puccinia_triticina","Fungi,Basidiomycota,Pucciniomycetes,Pucciniales,Sphaerophragmiaceae,Austropuccinia_,Austropuccinia_psidii",1.0032258064516129
"Puccinia_triticina","Fungi,Basidiomycota,Pucciniomycetes,Pucciniales,Pucciniaceae,Puccinia,Puccinia_triticina",308.98981425258035
"Pyrenophora_tritici-repentis","Fungi,Ascomycota,Saccharomycetes,Saccharomycetales,Saccharomycetaceae,Kluyveromyces,Kluyveromyces_lactis",1.0
"Pyrenophora_tritici-repentis","Fungi,Ascomycota,Dothidiomycetes,Pleosporales,Pleosporaceae,Pyrenophora,Pyrenophora_tritici-repentis",370.0
"Pyrenophora_tritici-repentis","Fungi,Ascomycota,Saccharomycetes,Saccharomycetales,Dipodascaceae,Geotrichum,Geotrichum_candidum",1.0
"Quambalaria_cyanescens_CCL055","Fungi,Ascomycota,Saccharomycetes,Saccharomycetales,Dipodascaceae,Yarrowia_,Yarrowia_lipolytica",1.0
"Quambalaria_cyanescens_CCL055","Fungi,Basidiomycota,Exobasidiomycetes,Micostromatales,Quambalariaceae,Quambalaria,Quambalaria_cyanescens_CCL055",301.0
"Rhodotorula_mucilaginosa","Fungi,Basidiomycota,Microbotryomycetes,Sporidiobolales,Sporidiobolaceae,Rhodotorula,Rhodotorula_mucilaginosa",624.0
"Rhodotorula_mucilaginosa","Fungi,Ascomycota,Dothidiomycetes,Pleosporales,Pleosporaceae,Pyrenophora,Pyrenophora_tritici-repentis",1.0
"Scedosporium_aurantiacum","Fungi,Ascomycota,Sordariomycetes,Microascales,Microascaceae,Scedosporium,Scedosporium_boydii",1.011857224191763
"Scedosporium_aurantiacum","Fungi,Ascomycota,Saccharomycetes,Saccharomycetales,Saccharomycetales_incertae_sedis,Diutina,Candida_catenulata",1.0
"Scedosporium_aurantiacum","Fungi,Ascomycota,Sordariomycetes,Microascales,Microascaceae,Scedosporium,Scedosporium_aurantiacum",208.98814277580823
"Scedosporium_boydii","Fungi,Ascomycota,Sordariomycetes,Microascales,Microascaceae,Scedosporium,Scedosporium_boydii",270.0
"Scedosporium_boydii","Fungi,Ascomycota,Saccharomycetes,Saccharomycetales,Saccharomycetales_incertae_sedis,Diutina,Candida_catenulata",1.0
"Scedosporium_boydii","Fungi,Ascomycota,Saccharomycetes,Saccharomycetales,Dipodascaceae,Geotrichum,Geotrichum_candidum",1.0
"Sclerotinia_sclerotiorum","Fungi,Ascomycota,Saccharomycetes,Saccharomycetales,Pichiaeceae,Pichia,Pichia_kudriavzevii",1.0013774104683195
"Sclerotinia_sclerotiorum","Fungi,Ascomycota,Pezizomycetes,Helotiales,Sclerotiniaceae,Sclerotinia,Sclerotinia_sclerotiorum",720.9819135491271
"Sclerotinia_sclerotiorum","Fungi,Ascomycota,Leotiomycetes,Helotiales,Sclerotiniaceae,Botrytis,Botrytis_cinerea",1.0111993985312822
"Sclerotinia_sclerotiorum","Fungi,Ascomycota,Saccharomycetes,Saccharomycetales,Saccharomycetales_incertae_sedis,Diutina,Candida_catenulata",3.0041322314049586
"Sclerotinia_sclerotiorum","Fungi,Basidiomycota,Agaricomycetes,Agaricales,Cortinariaceae,Cortinarius,Cortinarius_globuliformis_CM4",1.0013774104683195
"Sporisorium_scitamineum","Fungi,Basidiomycota,Tremellomycetes,Tremellales,Cryptococcaceae,Cryptococcus,Cryptococcus_neoformans_VN_IIII",1.0500009281069895
"Sporisorium_scitamineum","Fungi,Basidiomycota,Tremellomycetes,Tremellales,Cryptococcaceae,Cryptococcus,Cryptococcus_gattii_VG_I",1.2115737661357608
"Sporisorium_scitamineum","Fungi,Ascomycota,Leotiomycetes,Helotiales,Sclerotiniaceae,Botrytis,Botrytis_cinerea",1.003787878787879
"Sporisorium_scitamineum","Fungi,Basidiomycota,Ustilaginomyces,Ustilaginales,Ustilaginaceae,Sporisorium,Sporisorium_scitamineum",240.87553608189896
"Sporisorium_scitamineum","Fungi,Basidiomycota,Tremellomycetes,Trichosporonales,Trichosporonaceae,Trichosporon,Trichosporon_asahii",12.800543285126103
"Sporisorium_scitamineum","Fungi,Ascomycota,Sordariomycetes,Hypocreales,Nectriaceae,Fusarium,Fusarium_pseudograminearum",1.003787878787879
"Sporisorium_scitamineum","Fungi,Ascomycota,Saccharomycetes,Saccharomycetales,Debaryomycetaceae,Suhomyces,Candida_caryicola",2.007575757489629
"Sporisorium_scitamineum","Fungi,Basidiomycota,Agaricomycetes,Agaricales,Cortinariaceae,Cortinarius,Cortinarius_globuliformis_CM4",1.003787878787879
"Sporisorium_scitamineum","Fungi,Ascomycota,Saccharomycetes,Saccharomycetales,Dipodascaceae,Geotrichum,Geotrichum_candidum",4.043406544878924
"Trichomonascus_ciferrii","Fungi,Ascomycota,Saccharomycetes,Saccharomycetales,Dipodascaceae,Yarrowia_,Yarrowia_lipolytica",0.9999999999999999
"Trichomonascus_ciferrii","Fungi,Ascomycota,Saccharomycetes,Saccharomycetales,Debaryomycetaceae,Kodamaea,Kodamaea_ohmeri",0.9999999999999999
"Trichomonascus_ciferrii","Fungi,Ascomycota,Saccharomycetes,Saccharomycetales,Trichomonascaceae,Trichomonascus,Trichomonascus_ciferrii",251.0
"Trichosporon_asahii","Fungi,Ascomycota,Saccharomycetes,Saccharomycetales,Saccharomycetaceae,Kluyveromyces,Kluyveromyces_marxianus",1.0
"Trichosporon_asahii","Fungi,Ascomycota,Saccharomycetes,Saccharomycetales,Dipodascaceae,Yarrowia_,Yarrowia_lipolytica",1.0
"Trichosporon_asahii","Fungi,Ascomycota,Sordariomycetes,Diaporthales,Diaporthaceae,Diaporthe,Diaporthe_sp_CCL067",1.0
"Trichosporon_asahii","Fungi,Basidiomycota,Tremellomycetes,Trichosporonales,Trichosporonaceae,Trichosporon,Trichosporon_asahii",524.0
"Tuber_brumale","Fungi,Ascomycota,Pezizomycetes,Pezizales,Tuberaceae,Tuber,Tuber_brumale",408.0
"Wickerhamomyces_anomalus","Fungi,Ascomycota,Saccharomycetes,Saccharomycetales,Phaffomycetaceae,Wickerhamomyces,Wickerhamomyces_anomalus",343.0
"Wickerhamomyces_anomalus","Fungi,Basidiomycota,Microbotryomycetes,Sporidiobolales,Sporidiobolaceae,Rhodotorula,Rhodotorula_mucilaginosa",1.0
"Yamadazyma_mexicana","Fungi,Ascomycota,Saccharomycetes,Saccharomycetales,Pichiaeceae,Pichia,Pichia_kudriavzevii",1.0
"Yamadazyma_mexicana","Fungi,Ascomycota,Saccharomycetes,Saccharomycetales,Debaryomycetaceae,Kurtzmaniella,Candida_zeylanoides",1.0
"Yamadazyma_mexicana","Fungi,Ascomycota,Saccharomycetes,Saccharomycetales,Debaryomycetaceae,Yamadazyma,Yamadazyma_mexicana",417.0
"Yamadazyma_scolyti","Fungi,Ascomycota,Saccharomycetes,Saccharomycetales,Saccharomycetaceae,Kluyveromyces,Kluyveromyces_marxianus",1.000006605511869
"Yamadazyma_scolyti","Fungi,Ascomycota,Saccharomycetes,Saccharomycetales,Phaffomycetaceae,Wickerhamomyces,Wickerhamomyces_anomalus",1.000037295399828
"Yamadazyma_scolyti","Fungi,Ascomycota,Saccharomycetes,Saccharomycetales,Debaryomycetaceae,Yamadazyma,Yamadazyma_scolyti",353.9999560990883
"Yamadazyma_scolyti","Fungi,Basidiomycota,Ustilaginomyces,Ustilaginales,Ustilaginaceae,Sporisorium,Sporisorium_scitamineum",1.0
"Yarrowia_lipolytica","Fungi,Ascomycota,Saccharomycetes,Saccharomycetales,Dipodascaceae,Yarrowia_,Yarrowia_lipolytica",352.0
"Zymoseptoria_tritici","Fungi,Ascomycota,Dothidiomycetes,Mycosphaerellales,Mycosphaerellaceae,Zymoseptoria,Zymoseptoria_tritici",217.0
