"Aspergillus_flavus","Fungi,Ascomycota,Eurotiomycetes,Eurotiales,Aspergillaceae,Aspergillus",1
"Aspergillus_flavus","Fungi,Ascomycota,Saccharomycetes,Saccharomycetales,Dipodascaceae,Yarrowia,Yarrowia_lipolytica",10
"Aspergillus_flavus","Fungi,Ascomycota,Eurotiomycetes,Eurotiales,Aspergillaceae,Aspergillus,Aspergillus_pseudoelegans",2
"Aspergillus_flavus","Fungi,Ascomycota,Eurotiomycetes,Eurotiales,Aspergillaceae,Aspergillus,Aspergillus_tanneri",1
"Aspergillus_flavus","Fungi,Basidiomycota,Microbotryomycetes,Sporidiobolales,Sporidiobolaceae,Rhodotorula,Rhodotorula_taiwanensis",2
"Aspergillus_flavus","Fungi,Ascomycota,Saccharomycetes,Saccharomycetales,Debaryomycetaceae,Hyphopichia,Hyphopichia_pseudorhagii",1
"Aspergillus_flavus","Fungi,Ascomycota,Saccharomycetes,Saccharomycetales,Debaryomycetaceae,Hyphopichia",1
"Aspergillus_flavus","Fungi,Ascomycota,Eurotiomycetes,Eurotiales,Aspergillaceae,Aspergillus,Aspergillus_hancockii",3
"Aspergillus_flavus","Fungi,Ascomycota,Eurotiomycetes,Eurotiales,Aspergillaceae,Aspergillus,Aspergillus_magaliesburgensis",1
"Aspergillus_flavus","Fungi,Ascomycota,Eurotiomycetes,Eurotiales,Aspergillaceae,Aspergillus,Aspergillus_tamarii",2
"Aspergillus_flavus","Fungi,Ascomycota,Eurotiomycetes,Eurotiales,Aspergillaceae,Aspergillus,Aspergillus_brasiliensis",1
"Aspergillus_flavus","Fungi,Ascomycota,Saccharomycetes,Saccharomycetales,Phaffomycetaceae,Wickerhamomyces,Wickerhamomyces_anomalus",1
"Aspergillus_flavus","Fungi,Ascomycota,Eurotiomycetes,Eurotiales,Thermoascaceae,Thermoascus,Thermoascus_crustaceus",1
"Aspergillus_fumigatus","Fungi,Ascomycota,Dothideomycetes,Pleosporales,Pleosporaceae,Pyrenophora,Pyrenophora_cynosuri",1
"Aspergillus_fumigatus","Fungi,Ascomycota,Leotiomycetes,Thelebolales,Thelebolaceae,Inopinatum,Inopinatum_lactosum",216
"Aspergillus_fumigatus","Fungi,Ascomycota,Eurotiomycetes,Eurotiales,Aspergillaceae,Aspergillus,Aspergillus_fumigatus",12
"Aspergillus_fumigatus","Fungi,Ascomycota,Saccharomycetes,Saccharomycetales,Dipodascaceae,Dipodascus,Dipodascus_fermentans",11
"Aspergillus_fumigatus","Fungi,Ascomycota,Saccharomycetes,Saccharomycetales,Dipodascaceae,Yarrowia,Yarrowia_lipolytica",1
"Aspergillus_fumigatus","Fungi,Ascomycota,Dothideomycetes,Cladosporiales,Cladosporiaceae,Cladosporium",1
"Aspergillus_fumigatus","Fungi,Basidiomycota,Exobasidiomycetes,Microstromatales,Quambalariaceae,Quambalaria,Quambalaria_cyanescens",1
"Aspergillus_fumigatus","Fungi,Ascomycota,Saccharomycetes,Saccharomycetales,Debaryomycetaceae,Candida,Candida_orthopsilosis",2
"Aspergillus_fumigatus","Fungi,Ascomycota",1
"Aspergillus_fumigatus","Fungi,Ascomycota,Dothideomycetes",1
"Aspergillus_fumigatus","Fungi,Ascomycota,Eurotiomycetes,Eurotiales,Aspergillaceae,Aspergillus,Aspergillus_felis",3
"Aspergillus_fumigatus","Fungi,Ascomycota,Sordariomycetes,Microascales,Microascaceae,Scedosporium,Scedosporium_aurantiacum",1
"Aspergillus_fumigatus","Fungi,Ascomycota,Eurotiomycetes,Eurotiales,Aspergillaceae,Aspergillus",1
"Aspergillus_fumigatus","Fungi,Ascomycota,Leotiomycetes",1
"Asteroma_sp_CCL060","Fungi,Ascomycota,Sordariomycetes,Diaporthales,Diaporthaceae,Diaporthe,Diaporthe_foeniculina",366
"Asteroma_sp_CCL060","Fungi,Ascomycota,Sordariomycetes,Diaporthales,Diaporthaceae,Diaporthe,Diaporthe_norfolkensis",1
"Asteroma_sp_CCL060","Fungi,Ascomycota,Sordariomycetes,Diaporthales,Diaporthaceae,Diaporthe",1
"Asteroma_sp_CCL060","Fungi,Ascomycota,Sordariomycetes,Diaporthales,Diaporthaceae,Diaporthe,Diaporthe_amygdali",1
"Asteroma_sp_CCL060","Fungi,Ascomycota",1
"Asteroma_sp_CCL060","Fungi,Ascomycota,Sordariomycetes,Diaporthales,Diaporthaceae,Diaporthe,Diaporthe_inconspicua",2
"Asteroma_sp_CCL060","Fungi,Ascomycota,Sordariomycetes,Diaporthales,Diaporthaceae,Diaporthe,Diaporthe_clematidina",1
"Asteroma_sp_CCL060","Fungi,Ascomycota,Leotiomycetes,Erysiphales,Erysiphaceae,Erysiphe,Erysiphe_coryli-americanae",1
"Asteroma_sp_CCL060","Fungi,Ascomycota,Sordariomycetes,Diaporthales,Diaporthaceae,Diaporthe,Diaporthe_raonikayaporum",1
"Asteroma_sp_CCL060","Fungi,Ascomycota,Saccharomycetes,Saccharomycetales,Debaryomycetaceae,Suhomyces,[Candida]_caryicola",1
"Asteroma_sp_CCL060","Fungi,Ascomycota,Sordariomycetes,Diaporthales,Diaporthaceae,Diaporthe,Diaporthe_elizabethandersoniae",1
"Asteroma_sp_CCL060","Fungi,Ascomycota,Sordariomycetes,Diaporthales",1
"Austropuccinia_psidii","Fungi,Basidiomycota,Pucciniomycetes,Pucciniales,Pucciniaceae,Puccinia,Puccinia_xinyuanensis",279
"Austropuccinia_psidii","Fungi,Basidiomycota,Pucciniomycetes,Pucciniales,Pucciniaceae,Puccinia,Puccinia_novopanici",67
"Austropuccinia_psidii","Fungi,Basidiomycota,Pucciniomycetes,Pucciniales",1
"Austropuccinia_psidii","Fungi,Basidiomycota,Pucciniomycetes,Pucciniales,Gymnosporangiaceae,Gymnosporangium",1
"Austropuccinia_psidii","Fungi,Basidiomycota,Pucciniomycetes,Pucciniales,Gymnosporangiaceae,Gymnosporangium,Gymnosporangium_huanglongense",4
"Austropuccinia_psidii","Fungi,Basidiomycota,Pucciniomycetes,Pucciniales,Raveneliaceae,Endoraecium,Endoraecium_maslinii",3
"Austropuccinia_psidii","Fungi,Basidiomycota,Pucciniomycetes,Pucciniales,Raveneliaceae,Endoraecium,Endoraecium_tropicum",2
"Austropuccinia_psidii","Fungi,Ascomycota,Leotiomycetes,Helotiales,Sclerotiniaceae,Botryotinia,Botryotinia_ranunculi",1
"Austropuccinia_psidii","Fungi",1
"Austropuccinia_psidii","Fungi,Ascomycota,Dothideomycetes,Pleosporales,Didymellaceae,Epicoccum,Epicoccum_italicum",1
"Austropuccinia_psidii","Fungi,Ascomycota,Dothideomycetes,Cladosporiales,Cladosporiaceae,Cladosporium",1
"Austropuccinia_psidii","Fungi,Ascomycota,Sordariomycetes,Diaporthales,Gnomoniaceae,Gnomoniopsis,Gnomoniopsis_paraclavulata",1
"Austropuccinia_psidii","Fungi,Basidiomycota,Pucciniomycetes,Pucciniales,Pucciniaceae,Puccinia,Puccinia_emaculata",1
"Blastobotrys_adeninivorans","Fungi,Ascomycota,Saccharomycetes,Saccharomycetales,Trichomonascaceae,Blastobotrys,Blastobotrys_adeninivorans",385
"Blastobotrys_adeninivorans","Fungi,Ascomycota,Leotiomycetes,Helotiales,Sclerotiniaceae,Botryotinia,Botryotinia_ranunculi",1
"Blastobotrys_adeninivorans","Fungi,Ascomycota,Dothideomycetes,Mycosphaerellales,Mycosphaerellaceae,Zymoseptoria,Zymoseptoria_tritici",1
"Blastobotrys_adeninivorans","Fungi,Ascomycota,Saccharomycetes,Saccharomycetales,Debaryomycetaceae,Yamadazyma,Yamadazyma_mexicana",1
"Blastobotrys_proliferans","Fungi,Ascomycota,Saccharomycetes,Saccharomycetales,Trichomonascaceae,Blastobotrys,Blastobotrys_proliferans",380
"Blastobotrys_proliferans","Fungi,Basidiomycota,Pucciniomycetes,Pucciniales,Pucciniaceae,Puccinia,Puccinia_oncospora",1
"Blastobotrys_proliferans","Fungi,Ascomycota,Saccharomycetes,Saccharomycetales,Dipodascaceae,Yarrowia,Yarrowia_lipolytica",1
"Blastobotrys_proliferans","Fungi,Ascomycota,Leotiomycetes,Erysiphales,Erysiphaceae,Neoerysiphe,Neoerysiphe_joerstadii",2
"Blastobotrys_proliferans","Fungi,Ascomycota,Eurotiomycetes,Eurotiales,Aspergillaceae,Aspergillus",1
"Blastobotrys_proliferans","Fungi,Ascomycota,Saccharomycetes,Saccharomycetales,Trichomonascaceae",1
"Blastobotrys_proliferans","Fungi,Basidiomycota,Agaricomycetes,Boletales,Boletaceae,Phylloporus,Phylloporus_castanopsidis",1
"Blastobotrys_proliferans","Fungi,Ascomycota,Saccharomycetes,Saccharomycetales,Debaryomycetaceae,Millerozyma,Millerozyma_farinosa",1
"Blastobotrys_proliferans","Fungi,Basidiomycota,Tremellomycetes,Filobasidiales,Filobasidiaceae,Naganishia,Naganishia_albida",1
"Blastobotrys_proliferans","Fungi,Ascomycota,Dothideomycetes,Mycosphaerellales,Teratosphaeriaceae",1
"Botrytis_cinerea","Fungi,Ascomycota,Leotiomycetes,Helotiales,Sclerotiniaceae,Botryotinia,Botryotinia_ranunculi",327
"Botrytis_cinerea","Fungi,Ascomycota,Leotiomycetes,Helotiales,Sclerotiniaceae,Botrytis,Botrytis_pelargonii",50
"Botrytis_cinerea","Fungi,Ascomycota,Leotiomycetes,Helotiales,Sclerotiniaceae",1
"Botrytis_cinerea","Fungi,Ascomycota,Leotiomycetes,Helotiales,Sclerotiniaceae,Ciboria,Ciboria_cistophila",1
"Botrytis_fabae","Fungi,Ascomycota,Leotiomycetes,Helotiales,Sclerotiniaceae,Botrytis,Botrytis_pelargonii",44
"Botrytis_fabae","Fungi,Ascomycota,Leotiomycetes,Helotiales,Sclerotiniaceae,Botryotinia,Botryotinia_ranunculi",309
"Botrytis_fabae","Fungi,Ascomycota,Leotiomycetes,Helotiales,Sclerotiniaceae",1
"Botrytis_fabae","Fungi,Ascomycota,Dothideomycetes,Botryosphaeriales,Botryosphaeriaceae,Diplodia,Diplodia_seriata",1
"Botrytis_fabae","Fungi,Ascomycota,Sordariomycetes,Diaporthales,Gnomoniaceae,Gnomoniopsis,Gnomoniopsis_paraclavulata",1
"Candida_boleticola","Fungi,Ascomycota,Saccharomycetes,Saccharomycetales,Debaryomycetaceae,Kurtzmaniella,[Candida]_boleticola",390
"Candida_boleticola","Fungi,Ascomycota,Saccharomycetes,Saccharomycetales,Phaffomycetaceae,Wickerhamomyces,[Pichia]_myanmarensis",1
"Candida_boleticola","Fungi,Ascomycota",1
"Candida_caryicola","Fungi,Ascomycota,Saccharomycetes,Saccharomycetales,Debaryomycetaceae,Suhomyces,[Candida]_caryicola",374
"Candida_caryicola","Fungi,Ascomycota,Saccharomycetes,Saccharomycetales,Debaryomycetaceae,Kurtzmaniella,[Candida]_boleticola",1
"Candida_caryicola","Fungi,Ascomycota,Saccharomycetes,Saccharomycetales,NA,Nakazawaea,Nakazawaea_ernobii",1
"Candida_catenulata","Fungi,Ascomycota,Saccharomycetes,Saccharomycetales,Debaryomycetaceae,Diutina,Diutina_catenulata",382
"Candida_catenulata","Fungi,Ascomycota,Dothideomycetes,Pleosporales,Pleosporaceae,Pyrenophora,Pyrenophora_cynosuri",1
"Candida_catenulata","Fungi,Ascomycota,Saccharomycetes,Saccharomycetales,Metschnikowiaceae,NA,[Candida]_pseudointermedia",1
"Candida_catenulata","Fungi,Ascomycota,Saccharomycetes,Saccharomycetales,Debaryomycetaceae,Kurtzmaniella,[Candida]_boleticola",1
"Candida_catenulata","Fungi",1
"Candida_catenulata","Fungi,Basidiomycota,Microbotryomycetes,NA,Chrysozymaceae,Oberwinklerozyma,Oberwinklerozyma_dicranopteridis",1
"Candida_dubliniensis","Fungi,Ascomycota,Saccharomycetes,Saccharomycetales,Debaryomycetaceae,Candida,Candida_dubliniensis",380
"Candida_dubliniensis","Fungi,Ascomycota,Saccharomycetes,Saccharomycetales,Saccharomycetaceae,Nakaseomyces,Nakaseomyces_glabratus",2
"Candida_dubliniensis","Fungi,Ascomycota,Saccharomycetes,Saccharomycetales,Pichiaceae,Martiniozyma,Martiniozyma_abietophila",1
"Candida_dubliniensis","Fungi,Ascomycota,Pezizomycetes,Pezizales,Tuberaceae,Tuber,Tuber_brumale_var._gorii",1
"Candida_glabrata","Fungi,Ascomycota,Saccharomycetes,Saccharomycetales,Saccharomycetaceae,Nakaseomyces,Nakaseomyces_glabratus",302
"Candida_glabrata","Fungi,Ascomycota,Saccharomycetes,Saccharomycetales,Dipodascaceae,Yarrowia,Yarrowia_lipolytica",16
"Candida_glabrata","Fungi,Ascomycota,Saccharomycetes,Saccharomycetales,Pichiaceae,Pichia,Pichia_kudriavzevii",13
"Candida_glabrata","Fungi,Ascomycota,Saccharomycetes,Saccharomycetales,Metschnikowiaceae,Clavispora,Clavispora_fructus",29
"Candida_glabrata","Fungi,Basidiomycota,Tremellomycetes,Filobasidiales,Filobasidiaceae,Naganishia,Naganishia_albida",7
"Candida_glabrata","Fungi,Basidiomycota,Tremellomycetes,Filobasidiales,Filobasidiaceae,Naganishia",1
"Candida_glabrata","Fungi,Ascomycota,Saccharomycetes,Saccharomycetales,Dipodascaceae,Yarrowia,Yarrowia_galli",1
"Candida_glabrata","Fungi,Ascomycota,Saccharomycetes,Saccharomycetales,Debaryomycetaceae,Scheffersomyces,Scheffersomyces_ergatensis",5
"Candida_glabrata","Fungi,Ascomycota,Saccharomycetes,Saccharomycetales,Dipodascaceae,Yarrowia",1
"Candida_glabrata","Fungi,Basidiomycota,Tremellomycetes,Filobasidiales,Filobasidiaceae,Naganishia,Naganishia_adeliensis",1
"Candida_glabrata","Fungi,Ascomycota,Leotiomycetes,Helotiales,Sclerotiniaceae,Botryotinia,Botryotinia_ranunculi",1
"Candida_glabrata","Fungi,Ascomycota,Saccharomycetes,Saccharomycetales,Trichomonascaceae,Blastobotrys,Blastobotrys_adeninivorans",1
"Candida_glabrata","Fungi,Ascomycota,Saccharomycetes,Saccharomycetales,Phaffomycetaceae,Wickerhamomyces,Wickerhamomyces_anomalus",1
"Candida_metapsilosis","Fungi,Ascomycota,Saccharomycetes,Saccharomycetales,Debaryomycetaceae,Candida,Candida_orthopsilosis",383
"Candida_metapsilosis","Fungi,Ascomycota,Saccharomycetes,Saccharomycetales,Pichiaceae,Martiniozyma,Martiniozyma_abietophila",1
"Candida_metapsilosis","Fungi,Ascomycota,Dothideomycetes,Botryosphaeriales,Botryosphaeriaceae,Diplodia,Diplodia_seriata",1
"Candida_metapsilosis","Fungi,Basidiomycota,Tremellomycetes,Tremellales,Bulleribasidiaceae,Dioszegia,Dioszegia_ovata",1
"Candida_metapsilosis","Fungi,Ascomycota,Saccharomycetes,Saccharomycetales,Debaryomycetaceae,Yamadazyma,Yamadazyma_mexicana",1
"Candida_parapsilosis","Fungi,Ascomycota,Saccharomycetes,Saccharomycetales,Debaryomycetaceae,Candida,Candida_parapsilosis",389
"Candida_parapsilosis","Fungi,Ascomycota,Saccharomycetes,Saccharomycetales,Pichiaceae,Martiniozyma,Martiniozyma_abietophila",1
"Candida_tropicalis","Fungi,Ascomycota,Saccharomycetes,Saccharomycetales,Debaryomycetaceae,Candida,Candida_tropicalis",381
"Candida_tropicalis","Fungi,Ascomycota,Saccharomycetes,Saccharomycetales,Debaryomycetaceae,Candida,Candida_orthopsilosis",1
"Candida_tropicalis","Fungi,Ascomycota,Sordariomycetes,Microascales,Microascaceae",1
"Candida_tropicalis","Fungi,Ascomycota,Leotiomycetes,Helotiales,Sclerotiniaceae,Botryotinia,Botryotinia_ranunculi",1
"Candida_zeylanoides","Fungi,Ascomycota,Saccharomycetes,Saccharomycetales,Debaryomycetaceae,Kurtzmaniella,[Candida]_zeylanoides",380
"Candida_zeylanoides","Fungi,Ascomycota,Saccharomycetes,Saccharomycetales,Metschnikowiaceae,Clavispora,Clavispora_lusitaniae",3
"Candida_zeylanoides","Fungi,Ascomycota,Saccharomycetes,Saccharomycetales,Debaryomycetaceae,Kurtzmaniella,[Candida]_anglica",2
"Candida_zeylanoides","Fungi,Ascomycota,Saccharomycetes,Saccharomycetales,Debaryomycetaceae,Kurtzmaniella",1
"Candida_zeylanoides","Fungi,Ascomycota,Dothideomycetes,Pleosporales,Leptosphaeriaceae,Plenodomus,Plenodomus_lingam",1
"Candida_zeylanoides","Fungi,Ascomycota,Saccharomycetes,Saccharomycetales,Trichomonascaceae,Wickerhamiella,Wickerhamiella_spandovensis",1
"Cortinarius_globuliformis_CM4","Fungi,Basidiomycota,Agaricomycetes,Agaricales,Inocybaceae,Inocybe,Inocybe_multifolia_f._cryptophylla",103
"Cortinarius_globuliformis_CM4","Fungi,Basidiomycota,Agaricomycetes,Agaricales,Cortinariaceae,Cortinarius",1
"Cortinarius_globuliformis_CM4","Fungi,Basidiomycota,Agaricomycetes,Agaricales,Cortinariaceae,Cortinarius,Cortinarius_hadrocroceus",20
"Cortinarius_globuliformis_CM4","Fungi,Basidiomycota,Agaricomycetes,Agaricales,Cortinariaceae,Cortinarius,Cortinarius_stenophryx",55
"Cortinarius_globuliformis_CM4","Fungi,Basidiomycota,Agaricomycetes,Agaricales,Cortinariaceae,Calonarius,Calonarius_cacodes",1
"Cortinarius_globuliformis_CM4","Fungi,Basidiomycota,Agaricomycetes,Agaricales,Cortinariaceae,Cortinarius,Cortinarius_pseudocamphoratus",1
"Cortinarius_globuliformis_CM4","Fungi",1
"Cortinarius_globuliformis_CM4","Fungi,Basidiomycota,Agaricomycetes,Corticiales,Corticiaceae,Laetisaria,Laetisaria_lichenicola",1
"Cortinarius_globuliformis_CM4","Fungi,Basidiomycota,Agaricomycetes,Agaricales,Cortinariaceae,Thaxterogaster,Thaxterogaster_oregonensis",1
"Cortinarius_globuliformis_CM4","Fungi,Basidiomycota,Agaricomycetes,Agaricales,Cortinariaceae,Cortinarius,Cortinarius_collariatus",7
"Cortinarius_globuliformis_CM4","Fungi,Basidiomycota,Agaricomycetes,Agaricales,Cortinariaceae,Cortinarius,Cortinarius_paradoxus",3
"Cortinarius_globuliformis_CM4","Fungi,Basidiomycota,Agaricomycetes,Thelephorales,Thelephoraceae,Tomentella,Tomentella_brevisterigmata",5
"Cortinarius_globuliformis_CM4","Fungi,Basidiomycota,Microbotryomycetes,NA,Chrysozymaceae,Oberwinklerozyma,Oberwinklerozyma_dicranopteridis",1
"Cortinarius_globuliformis_CM4","Fungi,Basidiomycota,Agaricomycetes,Agaricales,Cortinariaceae",1
"Cortinarius_globuliformis_CM4","Fungi,Basidiomycota,Agaricomycetes,Agaricales,Cortinariaceae,Phlegmacium,Phlegmacium_cupreonatum",1
"Cortinarius_globuliformis_CM4","Fungi,Basidiomycota,Agaricomycetes,Agaricales,Agaricaceae,Agaricus,Agaricus_purpureosquameus",4
"Cortinarius_globuliformis_CM4","Fungi,Basidiomycota,Agaricomycetes,Agaricales,Cortinariaceae,Cortinarius,Cortinarius_pacificus",1
"Cortinarius_globuliformis_CM4","Fungi,Basidiomycota,Agaricomycetes,Agaricales",1
"Cortinarius_globuliformis_CM4","Fungi,Basidiomycota,Agaricomycetes,Agaricales,Cortinariaceae,Calonarius,Calonarius_haasii",2
"Cortinarius_globuliformis_CM4","Fungi,Basidiomycota,Agaricomycetes,Agaricales,Cortinariaceae,Cortinarius,Cortinarius_transatlanticus",3
"Cortinarius_globuliformis_CM4","Fungi,Basidiomycota",1
"Cortinarius_globuliformis_CM4","Fungi,Basidiomycota,Agaricomycetes",1
"Cortinarius_globuliformis_CM4","Fungi,Basidiomycota,Agaricomycetes,Agaricales,Cortinariaceae,Cortinarius,Cortinarius_marylandensis",1
"Cortinarius_globuliformis_CM4","Fungi,Basidiomycota,Agaricomycetes,Agaricales,Cortinariaceae,Cortinarius,Cortinarius_majestaticus",1
"Cortinarius_globuliformis_CM4","Fungi,Basidiomycota,Agaricomycetes,Agaricales,Cortinariaceae,Phlegmacium,Phlegmacium_glaucocephalus",1
"Cortinarius_globuliformis_CM4","Fungi,Basidiomycota,Agaricomycetes,Agaricales,Cortinariaceae,Cortinarius,Cortinarius_aurantiobasis",2
"Cortinarius_globuliformis_CM4","Fungi,Ascomycota,Saccharomycetes,Saccharomycetales,Saccharomycetaceae,Nakaseomyces,Nakaseomyces_glabratus",1
"Cryptococcus_gattii_VG_I","Fungi,Basidiomycota,Tremellomycetes,Tremellales,Cryptococcaceae,Cryptococcus,Cryptococcus_gattii",88
"Cryptococcus_gattii_VG_I","Fungi,Basidiomycota,Tremellomycetes,Tremellales,Cryptococcaceae,Cryptococcus",1
"Cryptococcus_gattii_VG_I","Fungi,Basidiomycota,Tremellomycetes,Tremellales,Cryptococcaceae,Cryptococcus,Cryptococcus_bacillisporus",247
"Cryptococcus_gattii_VG_I","Fungi,Basidiomycota,Tremellomycetes,Tremellales,Cryptococcaceae,Cryptococcus,Cryptococcus_neoformans",5
"Cryptococcus_gattii_VG_I","Fungi",1
"Cryptococcus_neoformans_VN_IIII","Fungi,Basidiomycota,Tremellomycetes,Tremellales,Cryptococcaceae,Cryptococcus,Cryptococcus_neoformans",158
"Cryptococcus_neoformans_VN_IIII","Fungi,Basidiomycota,Tremellomycetes,Tremellales,Cryptococcaceae,Cryptococcus,Cryptococcus_neoformans_var._grubii",217
"Cryptococcus_neoformans_VN_IIII","Fungi,Ascomycota,Saccharomycetes,Saccharomycetales,Metschnikowiaceae,Clavispora,Clavispora_lusitaniae",2
"Cryptococcus_neoformans_VN_IIII","Fungi,Ascomycota,Saccharomycetes,Saccharomycetales,Saccharomycetaceae,Nakaseomyces,Nakaseomyces_glabratus",1
"Cryptococcus_neoformans_VN_IIII","Fungi,Basidiomycota,Tremellomycetes,Tremellales",1
"Cryptococcus_neoformans_VN_IIII","Fungi,Ascomycota,Saccharomycetes,Saccharomycetales,Debaryomycetaceae,Candida,Candida_tropicalis",1
"Cryptococcus_neoformans_VN_IIII","Fungi,Ascomycota,Saccharomycetes,Saccharomycetales,Debaryomycetaceae,Debaryomyces",1
"Cryptovalsa_ampelina","Fungi,Ascomycota,Sordariomycetes,Xylariales",1
"Cryptovalsa_ampelina","Fungi,Ascomycota,Sordariomycetes,Xylariales,NA,Phlogicylindrium,Phlogicylindrium_tereticornis",43
"Cryptovalsa_ampelina","Fungi,Ascomycota,Sordariomycetes,Xylariales,Diatrypaceae,Diatrypella,Diatrypella_heveae",278
"Cryptovalsa_ampelina","Fungi,Ascomycota,Sordariomycetes,Xylariales,Diatrypaceae,Diatrypella",1
"Cryptovalsa_ampelina","Fungi,Ascomycota,Sordariomycetes,Xylariales,Xylariaceae,Lopadostoma",1
"Cryptovalsa_ampelina","Fungi,Ascomycota,Sordariomycetes,Xylariales,Diatrypaceae",1
"Cryptovalsa_ampelina","Fungi,Ascomycota,Dothideomycetes,Botryosphaeriales,Botryosphaeriaceae,Diplodia,Diplodia_seriata",1
"Cryptovalsa_ampelina","Fungi,Ascomycota",1
"Cryptovalsa_ampelina","Fungi,Ascomycota,Sordariomycetes,Xylariales,Diatrypaceae,Cryptosphaeria,Cryptosphaeria_subcutanea",2
"Cryptovalsa_ampelina","Fungi,Ascomycota,Eurotiomycetes,Chaetothyriales,Trichomeriaceae,Incumbomyces,Incumbomyces_lentus",1
"Cryptovalsa_ampelina","Fungi,Ascomycota,Sordariomycetes,Xylariales,Hypoxylaceae",1
"Cryptovalsa_ampelina","Fungi,Ascomycota,Saccharomycetes,Saccharomycetales,Dipodascaceae,Magnusiomyces,Magnusiomyces_capitatus",1
"Cryptovalsa_ampelina","Fungi,Ascomycota,Sordariomycetes,Xylariales,Diatrypaceae,Diatrypella,Diatrypella_shennongensis",4
"Cryptovalsa_ampelina","Fungi,Ascomycota,Sordariomycetes,Xylariales,Hypoxylaceae,Hypoxylon,Hypoxylon_hinnuleum",1
"Cryptovalsa_ampelina","Fungi,Ascomycota,Sordariomycetes,Xylariales,Diatrypaceae,Eutypa,Eutypa_microasca",1
"Cryptovalsa_ampelina","Fungi,Ascomycota,Sordariomycetes,Xylariales,Xylariaceae,Lopadostoma,Lopadostoma_turgidum",1
"Cryptovalsa_ampelina","Fungi,Ascomycota,Saccharomycetes,Saccharomycetales,Debaryomycetaceae,Kurtzmaniella,[Candida]_zeylanoides",1
"Cryptovalsa_ampelina","Fungi,Ascomycota,Sordariomycetes,Xylariales,Sporocadaceae,Seimatosporium,Seimatosporium_gracile",1
"Cryptovalsa_ampelina","Fungi,Ascomycota,Sordariomycetes,Xylariales,Hypoxylaceae,Hypoxylon",1
"Diaporthe_sp_CCL067","Fungi,Ascomycota,Sordariomycetes,Diaporthales,Gnomoniaceae,Gnomoniopsis,Gnomoniopsis_paraclavulata",388
"Diaporthe_sp_CCL067","Fungi,Ascomycota",1
"Diaporthe_sp_CCL067","Fungi,Ascomycota,Sordariomycetes,Diaporthales",1
"Diaporthe_sp_CCL067","Fungi,Ascomycota,Saccharomycetes,Saccharomycetales,Debaryomycetaceae,Candida,Candida_dubliniensis",1
"Diplodia_seriata","Fungi,Ascomycota,Dothideomycetes,Botryosphaeriales,Botryosphaeriaceae,Diplodia,Diplodia_arengae",1
"Diplodia_seriata","Fungi,Ascomycota,Dothideomycetes,Botryosphaeriales,Botryosphaeriaceae,Diplodia",1
"Diplodia_seriata","Fungi,Ascomycota,Dothideomycetes,Botryosphaeriales,Botryosphaeriaceae,Diplodia,Diplodia_seriata",316
"Diplodia_seriata","Fungi,Ascomycota,Dothideomycetes,Botryosphaeriales,Botryosphaeriaceae,Diplodia,Diplodia_africana",1
"Diplodia_seriata","Fungi,Ascomycota,Dothideomycetes,Botryosphaeriales,Botryosphaeriaceae,Diplodia,Diplodia_cupressi",1
"Diplodia_seriata","Fungi,Ascomycota,Dothideomycetes,Botryosphaeriales,Botryosphaeriaceae,Diplodia,Diplodia_bulgarica",1
"Diplodia_seriata","Fungi,Ascomycota,Eurotiomycetes,Eurotiales,Aspergillaceae,Penicillium,Penicillium_vanoranjei",1
"Diplodia_seriata","Fungi,Ascomycota,Eurotiomycetes,Chaetothyriales,Trichomeriaceae,Incumbomyces,Incumbomyces_lentus",2
"Diplodia_seriata","Fungi,Ascomycota,Dothideomycetes,Mycosphaerellales,Teratosphaeriaceae,Penidiella,Penidiella_ellipsoidea",2
"Diplodia_seriata","Fungi,Basidiomycota,Microbotryomycetes,Sporidiobolales,Sporidiobolaceae,Rhodotorula,Rhodotorula_taiwanensis",1
"Diplodia_seriata","Fungi,Ascomycota,Dothideomycetes,Botryosphaeriales,Botryosphaeriaceae,Diplodia,Diplodia_malorum",1
"Diplodia_seriata","Fungi,Ascomycota,Dothideomycetes,Botryosphaeriales,Botryosphaeriaceae,Diplodia,Diplodia_olivarum",1
"Diplodia_seriata","Fungi,Ascomycota,Dothideomycetes,Botryosphaeriales,Botryosphaeriaceae,Diplodia,Diplodia_agrifolia",1
"Entoleuca_sp_CCL052","Fungi,Ascomycota,Sordariomycetes,Xylariales,Xylariaceae,Coniolariella,Coniolariella_hispanica",365
"Entoleuca_sp_CCL052","Fungi,Ascomycota,Sordariomycetes,Xylariales,Xylariaceae",1
"Entoleuca_sp_CCL052","Fungi,Ascomycota,Sordariomycetes,Togniniales,Togniniaceae,Phaeoacremonium,Phaeoacremonium_croatiense",1
"Entoleuca_sp_CCL052","Fungi,Ascomycota,Sordariomycetes,Microascales,Microascaceae,Pseudallescheria,Pseudallescheria_ellipsoidea",1
"Entoleuca_sp_CCL052","Fungi,Ascomycota,Saccharomycetes,Saccharomycetales,Debaryomycetaceae,Yamadazyma,Yamadazyma_mexicana",1
"Entoleuca_sp_CCL052","Fungi,Ascomycota,Eurotiomycetes,Chaetothyriales,Trichomeriaceae,Incumbomyces,Incumbomyces_lentus",2
"Entoleuca_sp_CCL052","Fungi,Ascomycota,Sordariomycetes,Xylariales,NA,Anthostomelloides",1
"Entoleuca_sp_CCL052","Fungi,Ascomycota,Sordariomycetes,Xylariales,Xylariaceae,Rosellinia,Rosellinia_australiensis",8
"Entoleuca_sp_CCL052","Fungi,Ascomycota,Saccharomycetes,Saccharomycetales,Debaryomycetaceae,Candida,Candida_albicans",1
"Entoleuca_sp_CCL052","Fungi,Ascomycota,Sordariomycetes,Xylariales",1
"Entoleuca_sp_CCL052","Fungi,Basidiomycota,Exobasidiomycetes,Microstromatales,Quambalariaceae,Quambalaria,Quambalaria_cyanescens",1
"Erysiphe_necator","Fungi,Ascomycota,Leotiomycetes,Erysiphales,Erysiphaceae,Erysiphe,Erysiphe_coryli-americanae",249
"Erysiphe_necator","Fungi,Ascomycota,Leotiomycetes,Erysiphales,Erysiphaceae,Erysiphe,Erysiphe_ostryae",41
"Erysiphe_necator","Fungi,Ascomycota,Dothideomycetes,Pleosporales,Pleosporaceae,Alternaria",1
"Erysiphe_necator","Fungi,Ascomycota,Leotiomycetes,Erysiphales,Erysiphaceae,Erysiphe",1
"Erysiphe_necator","Fungi,Ascomycota,Leotiomycetes,Helotiales,Dermateaceae,Coleophoma,Coleophoma_eucalypticola",8
"Erysiphe_necator","Fungi,Ascomycota,Leotiomycetes,NA,Pseudeurotiaceae,Pseudogymnoascus,Pseudogymnoascus_hyalinus",14
"Erysiphe_necator","Fungi,Ascomycota,Leotiomycetes",1
"Erysiphe_necator","Fungi,Ascomycota,Eurotiomycetes,Eurotiales,Aspergillaceae,Penicillium,Penicillium_vanoranjei",1
"Erysiphe_necator","Fungi,Ascomycota,Eurotiomycetes,Chaetothyriales,Herpotrichiellaceae,Exophiala,Exophiala_mesophila",1
"Erysiphe_necator","Fungi,Ascomycota,Sordariomycetes,Hypocreales,Cordycipitaceae,Leptobacillium,Leptobacillium_chinense",7
"Eutypa_lata","Fungi,Ascomycota,Sordariomycetes,Xylariales,Diatrypaceae,Eutypa,Eutypa_camelliae",360
"Eutypa_lata","Fungi,Ascomycota,Sordariomycetes,Microascales,Microascaceae,Scedosporium,Scedosporium_aurantiacum",1
"Eutypa_lata","Fungi,Ascomycota,Sordariomycetes,Xylariales,Hypoxylaceae,Hypoxylon,Hypoxylon_phuphaphetense",7
"Eutypa_lata","Fungi,Ascomycota,Sordariomycetes,Xylariales,Diatrypaceae,Diatrype,Diatrype_quercicola",7
"Eutypa_lata","Fungi,Ascomycota,Eurotiomycetes,Chaetothyriales,Trichomeriaceae,Incumbomyces,Incumbomyces_lentus",2
"Eutypa_lata","Fungi,Ascomycota,Sordariomycetes,Xylariales,Diatrypaceae",1
"Eutypa_lata","Fungi,Ascomycota,Sordariomycetes,Xylariales,Microdochiaceae,Peglionia,Peglionia_verticiclada",2
"Eutypa_lata","Fungi,Ascomycota,Sordariomycetes,Xylariales,Diatrypaceae,Peroneutypa,Peroneutypa_indica",2
"Eutypa_lata","Fungi,Ascomycota,Sordariomycetes,Xylariales",1
"Eutypa_lata","Fungi,Basidiomycota,Exobasidiomycetes,Microstromatales,Quambalariaceae,Quambalaria,Quambalaria_simpsonii",1
"Eutypa_lata","Fungi,Ascomycota,Sordariomycetes,Xylariales,Diatrypaceae,Eutypa",1
"Fusarium_proliferatum","Fungi,Ascomycota,Sordariomycetes,Hypocreales,Nectriaceae,Fusarium",1
"Fusarium_proliferatum","Fungi,Ascomycota,Sordariomycetes,Hypocreales,Nectriaceae,Fusarium,Fusarium_dlaminii",8
"Fusarium_proliferatum","Fungi,Ascomycota,Sordariomycetes,Hypocreales,Nectriaceae,Fusarium,Fusarium_elaeagni",3
"Fusarium_proliferatum","Fungi,Ascomycota,Sordariomycetes,Hypocreales,Nectriaceae,Thyronectria,Thyronectria_caudata",2
"Fusarium_proliferatum","Fungi,Ascomycota,Saccharomycetes,Saccharomycetales,Debaryomycetaceae,Candida,Candida_orthopsilosis",1
"Fusarium_proliferatum","Fungi,Ascomycota,Sordariomycetes,Microascales,Microascaceae,Scedosporium,Scedosporium_aurantiacum",1
"Fusarium_proliferatum","Fungi,Ascomycota,Sordariomycetes,Hypocreales,Nectriaceae,Fusarium,Fusarium_nygamai",1
"Fusarium_proliferatum","Fungi,Ascomycota,Sordariomycetes,Hypocreales,Nectriaceae,Fusarium,Fusarium_beomiforme",2
"Fusarium_proliferatum","Fungi,Ascomycota,Leotiomycetes,Helotiales,Sclerotiniaceae,Botryotinia,Botryotinia_ranunculi",1
"Fusarium_pseudograminearum","Fungi,Ascomycota,Sordariomycetes,Hypocreales,Nectriaceae,Fusarium,Fusarium_pseudograminearum",377
"Fusarium_pseudograminearum","Fungi,Mucoromycota,Mucoromycetes,Mucorales,Mucoraceae,Mucor,Mucor_amethystinus",8
"Fusarium_pseudograminearum","Fungi,Mucoromycota,Mucoromycetes,Mucorales,Mucoraceae,Mucor,Mucor_griseocyanus",1
"Fusarium_pseudograminearum","Fungi,Ascomycota,Lecanoromycetes,Ostropales,Stictidaceae,Cyanodermella,Cyanodermella_oleoligni",1
"Fusarium_pseudograminearum","Fungi,Ascomycota,Sordariomycetes,Hypocreales",1
"Fusarium_pseudograminearum","Fungi,Ascomycota,Saccharomycetes,Saccharomycetales,Trichomonascaceae,Blastobotrys,Blastobotrys_adeninivorans",1
"Fusarium_pseudograminearum","Fungi,Ascomycota,Sordariomycetes,Hypocreales,Nectriaceae,Fusarium",1
"Fusarium_pseudograminearum","Fungi,Ascomycota,Sordariomycetes,Hypocreales,Nectriaceae,Fusarium,Fusarium_asiaticum",1
"Fusarium_pseudograminearum","Fungi,Basidiomycota,Ustilaginomycetes,Ustilaginales,Ustilaginaceae,Pseudozyma,Pseudozyma_pruni",1
"Geotrichum_candidum","Fungi,Ascomycota,Saccharomycetes,Saccharomycetales,Dipodascaceae,Magnusiomyces,Magnusiomyces_capitatus",380
"Geotrichum_candidum","Fungi,Ascomycota,Saccharomycetes,Saccharomycetales,Lipomycetaceae,Myxozyma,Myxozyma_monticola",1
"Geotrichum_candidum","Fungi",1
"Kluyveromyces_lactis","Fungi,Ascomycota,Saccharomycetes,Saccharomycetales,Debaryomycetaceae,Candida,Candida_albicans",342
"Kluyveromyces_lactis","Fungi,Ascomycota,Saccharomycetes,Saccharomycetales,Debaryomycetaceae,Candida,Candida_maltosa",6
"Kluyveromyces_lactis","Fungi,Ascomycota,Saccharomycetes,Saccharomycetales,Debaryomycetaceae,Candida,Candida_africana",26
"Kluyveromyces_lactis","Fungi,Ascomycota,Saccharomycetes,Saccharomycetales,Debaryomycetaceae,Candida",1
"Kluyveromyces_lactis","Fungi,Ascomycota,Saccharomycetes,Saccharomycetales,Pichiaceae,Martiniozyma,Martiniozyma_abietophila",1
"Kluyveromyces_lactis","Fungi,Ascomycota,Eurotiomycetes,Eurotiales,Aspergillaceae,Aspergillus,Aspergillus_insolitus",1
"Kluyveromyces_lactis","Fungi,Ascomycota,Saccharomycetes,Saccharomycetales,Debaryomycetaceae,Yamadazyma,Yamadazyma_scolyti",1
"Kluyveromyces_marxianus","Fungi,Ascomycota,Saccharomycetes,Saccharomycetales,Saccharomycetaceae,Kluyveromyces,Kluyveromyces_marxianus",387
"Kluyveromyces_marxianus","Fungi,Ascomycota,Saccharomycetes,Saccharomycetales,Saccharomycetaceae,Lachancea,Lachancea_nothofagi",2
"Kluyveromyces_marxianus","Fungi,Ascomycota,Eurotiomycetes,Eurotiales,Aspergillaceae,Aspergillus,Aspergillus_insolitus",1
"Kodamaea_ohmeri","Fungi,Ascomycota,Saccharomycetes,Saccharomycetales,Debaryomycetaceae,Kodamaea,Kodamaea_ohmeri",377
"Kodamaea_ohmeri","Fungi,Ascomycota,Saccharomycetes,Saccharomycetales,Debaryomycetaceae,Kodamaea",1
"Leptosphaeria_maculans","Fungi,Ascomycota,Dothideomycetes,Pleosporales,Leptosphaeriaceae,Plenodomus,Plenodomus_lingam",385
"Leptosphaeria_maculans","Fungi,Ascomycota,Dothideomycetes,Pleosporales,Phaeosphaeriaceae,Setophoma",1
"Leptosphaeria_maculans","Fungi,Ascomycota,Dothideomycetes,Pleosporales,Leptosphaeriaceae,Plenodomus,Plenodomus_enteroleucus",1
"Leptosphaeria_maculans","Fungi,Ascomycota,Dothideomycetes,Pleosporales,Phaeosphaeriaceae,Phaeosphaeriopsis",1
"Leptosphaeria_maculans","Fungi,Ascomycota,Sordariomycetes,Diaporthales,Gnomoniaceae,Gnomoniopsis,Gnomoniopsis_paraclavulata",1
"Penicillium_chrysogenum","Fungi,Ascomycota,Eurotiomycetes,Eurotiales,Aspergillaceae,Penicillium,Penicillium_vanoranjei",299
"Penicillium_chrysogenum","Fungi,Ascomycota,Eurotiomycetes,Eurotiales,Aspergillaceae,Penicillium",1
"Penicillium_chrysogenum","Fungi,Ascomycota,Eurotiomycetes,Eurotiales,Aspergillaceae,Penicillium,Penicillium_goetzii",1
"Penicillium_chrysogenum","Fungi,Ascomycota,Eurotiomycetes,Eurotiales,Aspergillaceae,Penicillium,Penicillium_restingae",3
"Penicillium_chrysogenum","Fungi,Ascomycota,Eurotiomycetes,Eurotiales,Aspergillaceae,Penicillium,Penicillium_neoherquei",4
"Penicillium_chrysogenum","Fungi,Ascomycota,Eurotiomycetes,Eurotiales,Aspergillaceae,Penicillium,Penicillium_meloforme",2
"Penicillium_chrysogenum","Fungi,Ascomycota,Eurotiomycetes,Eurotiales,Aspergillaceae,Penicillium,Penicillium_virgatum",1
"Penicillium_chrysogenum","Fungi,Ascomycota,Eurotiomycetes,Eurotiales,Aspergillaceae,Penicillium,Penicillium_osmophilum",1
"Penicillium_chrysogenum","Fungi,Ascomycota,Eurotiomycetes,Eurotiales,Aspergillaceae,Penicillium,Penicillium_aspericonidium",1
"Penicillium_chrysogenum","Fungi,Ascomycota,Eurotiomycetes,Eurotiales,Aspergillaceae,Penicillium,Penicillium_thiersii",1
"Penicillium_chrysogenum","Fungi,Ascomycota,Eurotiomycetes,Eurotiales,Aspergillaceae,Penicillium,Penicillium_ribium",2
"Penicillium_chrysogenum","Fungi,Ascomycota,Eurotiomycetes,Eurotiales,Aspergillaceae,Penicillium,Penicillium_mellis",1
"Penicillium_chrysogenum","Fungi,Ascomycota,Eurotiomycetes,Eurotiales,Aspergillaceae,Penicillium,Penicillium_chroogomphum",1
"Penicillium_chrysogenum","Fungi,Ascomycota,Eurotiomycetes,Eurotiales,Aspergillaceae,Penicillium,Penicillium_alfredii",1
"Penicillium_chrysogenum","Fungi,Ascomycota,Eurotiomycetes,Eurotiales,Aspergillaceae,Penicillium,Penicillium_antarcticum",1
"Penicillium_chrysogenum","Fungi,Ascomycota,Eurotiomycetes,Eurotiales,Aspergillaceae,Penicillium,Penicillium_madriti",1
"Penicillium_chrysogenum","Fungi,Ascomycota,Eurotiomycetes,Eurotiales,Aspergillaceae,Penicillium,Penicillium_dimorphosporum",1
"Penicillium_chrysogenum","Fungi,Ascomycota,Eurotiomycetes,Eurotiales,Aspergillaceae,Penicillium,Penicillium_subarcticum",1
"Penicillium_chrysogenum","Fungi,Ascomycota,Eurotiomycetes,Eurotiales,Aspergillaceae,Penicillium,Penicillium_malodoratum",1
"Penicillium_chrysogenum","Fungi,Ascomycota,Eurotiomycetes,Eurotiales,Aspergillaceae,Penicillium,Penicillium_quercetorum",1
"Penicillium_chrysogenum","Fungi,Ascomycota,Eurotiomycetes,Eurotiales,Aspergillaceae,Penicillium,Penicillium_macrosclerotiorum",1
"Penicillium_chrysogenum","Fungi,Ascomycota,Eurotiomycetes,Eurotiales,Aspergillaceae,Penicillium,Penicillium_mononematosum",2
"Pichia_kudriavzevii","Fungi,Ascomycota,Saccharomycetes,Saccharomycetales,Pichiaceae,Pichia,Pichia_kudriavzevii",374
"Pichia_kudriavzevii","Fungi,Ascomycota,Saccharomycetes,Saccharomycetales,Debaryomycetaceae,Kurtzmaniella",1
"Pichia_kudriavzevii","Fungi,Ascomycota,Saccharomycetes,Saccharomycetales,Pichiaceae,Martiniozyma,Martiniozyma_abietophila",1
"Pichia_kudriavzevii","Fungi,Ascomycota,Saccharomycetes,Saccharomycetales,Pichiaceae,Pichia,[Candida]_pseudolambica",1
"Pichia_kudriavzevii","Fungi,Ascomycota,Saccharomycetes,Saccharomycetales,Pichiaceae,Pichia,Pichia_exigua",1
"Pichia_membranifaciens","Fungi,Ascomycota,Saccharomycetes,Saccharomycetales,Pichiaceae,Pichia,Pichia_membranifaciens",283
"Pichia_membranifaciens","Fungi,Ascomycota,Eurotiomycetes,Eurotiales,Aspergillaceae,Penicillium,Penicillium_vanoranjei",1
"Pichia_membranifaciens","Fungi,Ascomycota,Saccharomycetes,Saccharomycetales,Saccharomycetaceae,Nakaseomyces,Nakaseomyces_glabratus",2
"Pichia_membranifaciens","Fungi,Ascomycota,Eurotiomycetes,Eurotiales",1
"Puccinia_graminis","Fungi,Basidiomycota,Pucciniomycetes,Pucciniales,Pucciniaceae,Puccinia,Puccinia_xinyuanensis",43
"Puccinia_graminis","Fungi,Basidiomycota,Pucciniomycetes,Pucciniales,Pucciniaceae,Puccinia,Puccinia_chunjiei",342
"Puccinia_graminis","Fungi,Basidiomycota,Pucciniomycetes,Pucciniales,Pucciniaceae,Puccinia",1
"Puccinia_graminis","Fungi,Ascomycota,Dothideomycetes,Cladosporiales,Cladosporiaceae,Cladosporium,Cladosporium_halotolerans",1
"Puccinia_graminis","Fungi,Basidiomycota,Pucciniomycetes,Pucciniales,Pucciniaceae,Puccinia,Puccinia_aizazii",1
"Puccinia_graminis","Fungi,Ascomycota,Dothideomycetes,Cladosporiales,Cladosporiaceae,Cladosporium,Cladosporium_endophyticum",1
"Puccinia_striiformis_var_tritici","Fungi,Basidiomycota,Pucciniomycetes,Pucciniales,Pucciniaceae,Puccinia,Puccinia_aizazii",378
"Puccinia_striiformis_var_tritici","Fungi,Basidiomycota,Pucciniomycetes,Pucciniales,Pucciniaceae,Puccinia,Puccinia_chunjiei",1
"Puccinia_striiformis_var_tritici","Fungi,Ascomycota,Dothideomycetes,Cladosporiales,Cladosporiaceae,Cladosporium,Cladosporium_sphaerospermum",2
"Puccinia_striiformis_var_tritici","Fungi,Ascomycota,Dothideomycetes,Cladosporiales,Cladosporiaceae,Cladosporium",1
"Puccinia_striiformis_var_tritici","Fungi,Basidiomycota,Pucciniomycetes,Pucciniales,Pucciniaceae,Puccinia,Puccinia_ampliaticoronata",2
"Puccinia_striiformis_var_tritici","Fungi,Basidiomycota,Pucciniomycetes,Pucciniales,Pucciniaceae,Puccinia,Puccinia_xinyuanensis",2
"Puccinia_striiformis_var_tritici","Fungi,Basidiomycota,Pucciniomycetes,Pucciniales,Milesinaceae,Milesina,Milesina_woodwardiana",1
"Puccinia_striiformis_var_tritici","Fungi,Basidiomycota,Pucciniomycetes,Pucciniales,Pucciniaceae,Puccinia,Puccinia_elymi-albispora",1
"Puccinia_triticina","Fungi,Basidiomycota,Pucciniomycetes,Pucciniales,Pucciniaceae,Puccinia,Puccinia_setariae",12
"Puccinia_triticina","Fungi,Basidiomycota,Pucciniomycetes,Pucciniales,Pucciniaceae,Puccinia,Puccinia_oncospora",370
"Puccinia_triticina","Fungi,Basidiomycota,Pucciniomycetes,Pucciniales,Pucciniaceae,Puccinia,Puccinia_aizazii",1
"Puccinia_triticina","Fungi,Basidiomycota,Pucciniomycetes,Pucciniales,Pucciniaceae,Puccinia",1
"Puccinia_triticina","Fungi,Basidiomycota,Pucciniomycetes,Pucciniales,Pucciniaceae,Puccinia,Puccinia_chunjiei",1
"Puccinia_triticina","Fungi,Ascomycota,Saccharomycetes,Saccharomycetales,Debaryomycetaceae,Candida,Candida_parapsilosis",1
"Pyrenophora_tritici-repentis","Fungi,Ascomycota,Dothideomycetes,Pleosporales,Pleosporaceae,Pyrenophora,Pyrenophora_cynosuri",328
"Pyrenophora_tritici-repentis","Fungi,Ascomycota,Leotiomycetes,Helotiales,Sclerotiniaceae,Botryotinia,Botryotinia_ranunculi",1
"Pyrenophora_tritici-repentis","Fungi,Ascomycota,Saccharomycetes,Saccharomycetales,Saccharomycetaceae,Nakaseomyces,Nakaseomyces_glabratus",1
"Pyrenophora_tritici-repentis","Fungi,Ascomycota,Saccharomycetes,Saccharomycetales,Debaryomycetaceae,Yamadazyma,[Candida]_vrieseae",1
"Pyrenophora_tritici-repentis","Fungi,Ascomycota,Saccharomycetes,Saccharomycetales,Debaryomycetaceae,Candida,Candida_parapsilosis",1
"Quambalaria_cyanescens_CCL055","Fungi,Basidiomycota,Exobasidiomycetes,Microstromatales,Quambalariaceae,Quambalaria,Quambalaria_cyanescens",322
"Quambalaria_cyanescens_CCL055","Fungi,Basidiomycota,Exobasidiomycetes,Microstromatales,Quambalariaceae,Quambalaria,Quambalaria_simpsonii",21
"Quambalaria_cyanescens_CCL055","Fungi,Basidiomycota,Agaricomycetes",1
"Quambalaria_cyanescens_CCL055","Fungi,Basidiomycota,Exobasidiomycetes,Microstromatales,Quambalariaceae,Quambalaria",1
"Quambalaria_cyanescens_CCL055","Fungi,Ascomycota,Sordariomycetes,Microascales,Microascaceae,Pseudallescheria,Pseudallescheria_ellipsoidea",1
"Rhodotorula_mucilaginosa","Fungi,Basidiomycota,Microbotryomycetes,Sporidiobolales,Sporidiobolaceae,Rhodotorula,Rhodotorula_taiwanensis",231
"Rhodotorula_mucilaginosa","Fungi,Basidiomycota,Microbotryomycetes,Sporidiobolales,Sporidiobolaceae,Rhodotorula",1
"Rhodotorula_mucilaginosa","Fungi,Basidiomycota,Microbotryomycetes,Sporidiobolales,Sporidiobolaceae,Rhodotorula,Rhodotorula_mackellarae",99
"Rhodotorula_mucilaginosa","Fungi,Basidiomycota,Microbotryomycetes,Sporidiobolales,Sporidiobolaceae,Rhodotorula,Rhodotorula_frigidialcoholis",6
"Rhodotorula_mucilaginosa","Fungi,Basidiomycota",1
"Rhodotorula_mucilaginosa","Fungi,Basidiomycota,Microbotryomycetes,Sporidiobolales,Sporidiobolaceae,Rhodotorula,Rhodotorula_alborubescens",1
"Rhodotorula_mucilaginosa","Fungi,Basidiomycota,Microbotryomycetes,Sporidiobolales,Sporidiobolaceae,Rhodotorula,Rhodotorula_toruloides",4
"Rhodotorula_mucilaginosa","Fungi,Basidiomycota,Agaricomycetes,Gomphales,Gomphaceae,Lentaria",1
"Rhodotorula_mucilaginosa","Fungi,Basidiomycota,Microbotryomycetes,Sporidiobolales,Sporidiobolaceae,Rhodotorula,Rhodotorula_sphaerocarpa",3
"Rhodotorula_mucilaginosa","Fungi,Ascomycota,Saccharomycetes,Saccharomycetales,Debaryomycetaceae,Kodamaea,Kodamaea_ohmeri",1
"Scedosporium_aurantiacum","Fungi,Ascomycota,Sordariomycetes,Microascales,Microascaceae,Scedosporium,Scedosporium_aurantiacum",355
"Scedosporium_aurantiacum","Fungi,Ascomycota,Saccharomycetes,Saccharomycetales,Trichomonascaceae,Blastobotrys,Blastobotrys_proliferans",1
"Scedosporium_aurantiacum","Fungi,Ascomycota",1
"Scedosporium_aurantiacum","Fungi,Ascomycota,Leotiomycetes,Erysiphales,Erysiphaceae,Erysiphe,Erysiphe_coryli-americanae",1
"Scedosporium_aurantiacum","Fungi,Ascomycota,Eurotiomycetes,Eurotiales,Aspergillaceae,Penicillium,Penicillium_vanoranjei",1
"Scedosporium_aurantiacum","Fungi,Basidiomycota,Agaricomycetes,Agaricales,Cortinariaceae,Cortinarius",1
"Scedosporium_aurantiacum","Fungi,Ascomycota,Saccharomycetes,Saccharomycetales,Dipodascaceae,Dipodascus,Dipodascus_fermentans",1
"Scedosporium_aurantiacum","Fungi,Ascomycota,Eurotiomycetes,Chaetothyriales,Herpotrichiellaceae,Exophiala,Exophiala_salmonis",1
"Scedosporium_aurantiacum","Fungi,Ascomycota,Saccharomycetes,Saccharomycetales,Saccharomycetaceae,Kluyveromyces,Kluyveromyces_marxianus",1
"Scedosporium_aurantiacum","Fungi,Basidiomycota,Tremellomycetes,Tremellales,Cryptococcaceae,Cryptococcus,Cryptococcus_bacillisporus",1
"Scedosporium_boydii","Fungi,Ascomycota,Sordariomycetes,Microascales,Microascaceae,Pseudallescheria,Pseudallescheria_ellipsoidea",375
"Scedosporium_boydii","Fungi,Ascomycota,Saccharomycetes,Saccharomycetales,Debaryomycetaceae,Kodamaea,Kodamaea_ohmeri",1
"Scedosporium_boydii","Fungi,Ascomycota,Sordariomycetes,Microascales,Microascaceae,Pseudallescheria,Pseudallescheria_angusta",1
"Scedosporium_boydii","Fungi,Ascomycota,Saccharomycetes,Saccharomycetales,Debaryomycetaceae,Candida,Candida_orthopsilosis",1
"Scedosporium_boydii","Fungi,Ascomycota,Sordariomycetes,Microascales,Microascaceae,Pseudallescheria",1
"Sclerotinia_sclerotiorum","Fungi,Ascomycota,Leotiomycetes,Helotiales,Sclerotiniaceae,Botryotinia,Botryotinia_ranunculi",318
"Sclerotinia_sclerotiorum","Fungi,Ascomycota,Leotiomycetes,Helotiales,Sclerotiniaceae,Botrytis,Botrytis_deweyae",56
"Sclerotinia_sclerotiorum","Fungi,Ascomycota,Leotiomycetes,Helotiales,Sclerotiniaceae",1
"Sclerotinia_sclerotiorum","Fungi,Ascomycota,Leotiomycetes,NA,Pseudeurotiaceae,Pseudogymnoascus,Pseudogymnoascus_hyalinus",1
"Sclerotinia_sclerotiorum","Fungi,Ascomycota,Leotiomycetes,Helotiales,Sclerotiniaceae,Botrytis,Botrytis_californica",8
"Sclerotinia_sclerotiorum","Fungi,Basidiomycota,Agaricomycetes,Agaricales,Inocybaceae,Inocybe,Inocybe_kuruvensis",2
"Sclerotinia_sclerotiorum","Fungi,Ascomycota,Saccharomycetes,Saccharomycetales,Debaryomycetaceae,Diutina,Diutina_catenulata",2
"Sclerotinia_sclerotiorum","Fungi,Ascomycota,Saccharomycetes,Saccharomycetales,Debaryomycetaceae,Candida,Candida_parapsilosis",1
"Sclerotinia_sclerotiorum","Fungi,Ascomycota,Leotiomycetes,Helotiales,Sclerotiniaceae,Haradamyces,Haradamyces_foliicola",1
"Sclerotinia_sclerotiorum","Fungi,Basidiomycota,Ustilaginomycetes,Ustilaginales,Ustilaginaceae,Sporisorium,Sporisorium_graminicola",1
"Sporisorium_scitamineum","Fungi,Basidiomycota,Ustilaginomycetes,Ustilaginales,Ustilaginaceae,Pseudozyma,Pseudozyma_pruni",43
"Sporisorium_scitamineum","Fungi,Basidiomycota,Ustilaginomycetes,Ustilaginales,Ustilaginaceae,Sporisorium,Sporisorium_graminicola",171
"Sporisorium_scitamineum","Fungi,Basidiomycota,Ustilaginomycetes,Ustilaginales,Ustilaginaceae",1
"Sporisorium_scitamineum","Fungi,Basidiomycota,Ustilaginomycetes,Ustilaginales,Ustilaginaceae,Sporisorium,Sporisorium_spinulosum",71
"Sporisorium_scitamineum","Fungi,Basidiomycota,Agaricomycetes,Agaricales,Psathyrellaceae,Parasola",1
"Sporisorium_scitamineum","Fungi",1
"Sporisorium_scitamineum","Fungi,Basidiomycota,Ustilaginomycetes,Ustilaginales,Ustilaginaceae,Moesziomyces,Moesziomyces_antarcticus",12
"Sporisorium_scitamineum","Fungi,Basidiomycota,Ustilaginomycetes,Ustilaginales,Ustilaginaceae,Langdonia,Langdonia_jejuensis",7
"Sporisorium_scitamineum","Fungi,Basidiomycota,Pucciniomycetes,Pucciniales,Pucciniaceae,Puccinia,Puccinia_xinyuanensis",1
"Sporisorium_scitamineum","Fungi,Ascomycota,Sordariomycetes,Ophiostomatales,Ophiostomataceae,Cornuvesica,Cornuvesica_acuminata",1
"Sporisorium_scitamineum","Fungi,Ascomycota,Dothideomycetes,Pleosporales,Phaeosphaeriaceae,Sclerostagonospora,Sclerostagonospora_ericae",1
"Sporisorium_scitamineum","Fungi,Ascomycota,Eurotiomycetes,Eurotiales,Trichocomaceae,Talaromyces,Talaromyces_pseudofuniculosus",2
"Sporisorium_scitamineum","Fungi,Basidiomycota,Ustilaginomycetes,Ustilaginales,Ustilaginaceae,Moesziomyces",1
"Sporisorium_scitamineum","Fungi,Basidiomycota,Ustilaginomycetes,Ustilaginales,Ustilaginaceae,Sporisorium",1
"Sporisorium_scitamineum","Fungi,Ascomycota,Eurotiomycetes,Eurotiales,Trichocomaceae,Talaromyces",1
"Sporisorium_scitamineum","Fungi,Ascomycota,Sordariomycetes,Hypocreales,Nectriaceae,Fusarium",1
"Trichomonascus_ciferrii","Fungi,Ascomycota,Saccharomycetes,Saccharomycetales,Trichomonascaceae,Trichomonascus,Trichomonascus_ciferrii",275
"Trichomonascus_ciferrii","Fungi,Ascomycota,Saccharomycetes,Saccharomycetales,Trichomonascaceae,Trichomonascus,[Candida]_mucifera",74
"Trichomonascus_ciferrii","Fungi,Ascomycota,Saccharomycetes,Saccharomycetales,Trichomonascaceae",1
"Trichomonascus_ciferrii","Fungi,Ascomycota,Saccharomycetes,Saccharomycetales,Debaryomycetaceae,Millerozyma,Millerozyma_farinosa",1
"Trichomonascus_ciferrii","Fungi,Ascomycota,Saccharomycetes,Saccharomycetales,Trichomonascaceae,Blastobotrys,Blastobotrys_persicus",10
"Trichomonascus_ciferrii","Fungi,Ascomycota,Eurotiomycetes,Eurotiales,Aspergillaceae,Aspergillus,Aspergillus_insolitus",2
"Trichomonascus_ciferrii","Fungi,Ascomycota,Sordariomycetes,Microascales,Microascaceae,Pseudallescheria,Pseudallescheria_ellipsoidea",1
"Trichomonascus_ciferrii","Fungi,Ascomycota,Saccharomycetes,Saccharomycetales,Trichomonascaceae,Trichomonascus",1
"Trichosporon_asahii","Fungi,Basidiomycota,Tremellomycetes,Trichosporonales,Trichosporonaceae,Trichosporon,Trichosporon_asahii",357
"Trichosporon_asahii","Fungi,Basidiomycota,Tremellomycetes,Trichosporonales,Trichosporonaceae,Trichosporon",1
"Trichosporon_asahii","Fungi,Basidiomycota,Agaricomycetes,Agaricales,Omphalotaceae,Gymnopus,Gymnopus_subdensilamellatus",1
"Trichosporon_asahii","Fungi,Basidiomycota,Tremellomycetes,Tremellales,Tremellaceae,Tremella,Tremella_tropica",2
"Trichosporon_asahii","Fungi,Ascomycota,Saccharomycetes,Saccharomycetales,Debaryomycetaceae,Candida,Candida_orthopsilosis",1
"Tuber_brumale","Fungi,Ascomycota,Pezizomycetes,Pezizales,Tuberaceae,Tuber,Tuber_brumale_var._gorii",287
"Tuber_brumale","Fungi,Ascomycota,Eurotiomycetes,Chaetothyriales,Herpotrichiellaceae,Exophiala,Exophiala_salmonis",6
"Tuber_brumale","Fungi,Ascomycota,Eurotiomycetes,Eurotiales,Aspergillaceae,Aspergillus,Aspergillus_insolitus",4
"Tuber_brumale","Fungi,Ascomycota,Saccharomycetes,Saccharomycetales,Phaffomycetaceae,Starmera,Starmera_caribaea",1
"Tuber_brumale","Fungi",1
"Tuber_brumale","Fungi,Ascomycota",1
"Tuber_brumale","Fungi,Ascomycota,Sordariomycetes,Hypocreales,Nectriaceae,Fusarium",1
"Tuber_brumale","Fungi,Ascomycota,Dothideomycetes,Muyocopronales,Muyocopronaceae,Muyocopron",1
"Wickerhamomyces_anomalus","Fungi,Ascomycota,Saccharomycetes,Saccharomycetales,Phaffomycetaceae,Wickerhamomyces,Wickerhamomyces_anomalus",377
"Wickerhamomyces_anomalus","Fungi,Ascomycota,Saccharomycetes,Saccharomycetales,Debaryomycetaceae,Candida,Candida_albicans",1
"Wickerhamomyces_anomalus","Fungi,Ascomycota,Saccharomycetes,Saccharomycetales",1
"Wickerhamomyces_anomalus","Fungi,Ascomycota",1
"Yamadazyma_mexicana","Fungi,Ascomycota,Saccharomycetes,Saccharomycetales,Debaryomycetaceae,Yamadazyma,Yamadazyma_mexicana",384
"Yamadazyma_mexicana","Fungi,Ascomycota,Saccharomycetes,Saccharomycetales,Debaryomycetaceae,Yamadazyma,[Candida]_trypodendri",1
"Yamadazyma_mexicana","Fungi,Ascomycota,Saccharomycetes,Saccharomycetales,Debaryomycetaceae,Yamadazyma,[Candida]_vrieseae",1
"Yamadazyma_mexicana","Fungi,Ascomycota,Saccharomycetes,Saccharomycetales,Debaryomycetaceae,Yamadazyma",1
"Yamadazyma_mexicana","Fungi,Ascomycota,Saccharomycetes,Saccharomycetales,Debaryomycetaceae,Candida,Candida_albicans",1
"Yamadazyma_mexicana","Fungi,Ascomycota,Sordariomycetes,Microascales,Microascaceae,Pseudallescheria,Pseudallescheria_ellipsoidea",1
"Yamadazyma_scolyti","Fungi,Ascomycota,Saccharomycetes,Saccharomycetales,Debaryomycetaceae,Yamadazyma,Yamadazyma_scolyti",382
"Yamadazyma_scolyti","Fungi,Ascomycota,Saccharomycetes,Saccharomycetales,Debaryomycetaceae,Yamadazyma,[Candida]_vrieseae",3
"Yamadazyma_scolyti","Fungi,Ascomycota,Leotiomycetes,Thelebolales,Thelebolaceae,Inopinatum,Inopinatum_lactosum",1
"Yarrowia_lipolytica","Fungi,Ascomycota,Saccharomycetes,Saccharomycetales,Dipodascaceae,Yarrowia,Yarrowia_lipolytica",390
"Yarrowia_lipolytica","Fungi,Ascomycota,Saccharomycetes,Saccharomycetales,Dipodascaceae,Yarrowia",1
"Yarrowia_lipolytica","Fungi,Basidiomycota,Tremellomycetes,Tremellales,Cryptococcaceae,Cryptococcus,Cryptococcus_bacillisporus",1
"Zymoseptoria_tritici","Fungi,Ascomycota,Dothideomycetes,Mycosphaerellales,Mycosphaerellaceae,Zymoseptoria,Zymoseptoria_tritici",377
"Zymoseptoria_tritici","Fungi,Ascomycota,Eurotiomycetes,Chaetothyriales,Trichomeriaceae,Incumbomyces,Incumbomyces_lentus",1
"Zymoseptoria_tritici","Fungi,Ascomycota,Saccharomycetes,Saccharomycetales,Debaryomycetaceae,Yamadazyma,Yamadazyma_mexicana",1
"Zymoseptoria_tritici","Fungi,Ascomycota,Dothideomycetes,Mycosphaerellales,Mycosphaerellaceae",1
"Zymoseptoria_tritici","Fungi,Ascomycota,Dothideomycetes",1
"Zymoseptoria_tritici","Fungi,Ascomycota,Dothideomycetes,Mycosphaerellales",1
"Zymoseptoria_tritici","Fungi,Ascomycota,Saccharomycetes,Saccharomycetales,Saccharomycetaceae,Nakaseomyces,Nakaseomyces_glabratus",1
